timestamp,cpu,ram_pct,used_gb,available_gb,swap_pct,disk_pct,network_mb,label
2026-08-18 17:52:25,1,3000,28,7447,1,0859,2,6919,6,5088,85,3003,0,000004,
2026-08-18 17:52:55,1,2333,28,7426,1,0858,2,6919,6,5088,85,3004,0,000014,
2026-08-18 17:53:25,1,1333,28,7531,1,0862,2,6915,6,5088,85,3006,0,000024,
2026-08-18 17:53:55,1,3000,28,7516,1,0862,2,6916,6,5088,85,3007,0,000034,
2026-08-18 17:54:25,1,3000,28,7500,1,0861,2,6917,6,5088,85,3009,0,000045,
2026-08-18 17:54:55,1,2601,28,7541,1,0863,2,6915,6,5088,85,3010,0,000055,
2026-08-18 17:55:25,1,3000,28,7368,1,0856,2,6922,6,5088,85,3012,0,000065,
2026-08-18 17:55:55,1,5000,28,7478,1,0860,2,6917,6,5088,85,3013,0,000075,
2026-08-18 17:56:25,1,0667,28,7398,1,0857,2,6920,6,5088,85,3015,0,000085,
2026-08-18 17:56:55,1,0667,28,7383,1,0857,2,6921,6,5088,85,3016,0,000095,
2026-08-18 17:57:25,1,0000,28,7427,1,0858,2,6919,6,5088,85,3017,0,000095,
2026-08-18 17:57:55,1,1667,28,7540,1,0863,2,6915,6,5088,85,3019,0,000095,
2026-08-18 17:58:25,1,0667,28,7523,1,0862,2,6916,6,5088,85,3020,0,000095,
2026-08-18 17:58:55,1,1667,28,6737,1,0832,2,6945,6,5088,85,3022,0,000095,
2026-08-18 17:59:25,0,9333,28,6681,1,0830,2,6947,6,5088,85,3023,0,000095,
2026-08-18 17:59:55,1,2333,28,6614,1,0828,2,6950,6,5088,85,3025,0,000096,
2026-08-18 18:00:25,1,1000,28,6595,1,0827,2,6951,6,5088,85,3026,0,000096,
2026-08-18 18:00:55,1,0000,28,6553,1,0825,2,6952,6,5088,85,3028,0,000096,
2026-08-18 18:01:25,0,9667,28,6538,1,0825,2,6953,6,5088,85,3029,0,000096,
2026-08-18 18:01:55,1,0667,28,6640,1,0829,2,6949,6,5088,85,3031,0,000096,
2026-08-18 18:02:25,1,1000,28,6840,1,0836,2,6941,6,5088,85,3032,0,000096,
2026-08-18 18:02:55,0,9000,28,6827,1,0836,2,6942,6,5088,85,3034,0,000096,
2026-08-18 18:03:25,1,0333,28,6811,1,0835,2,6943,6,5088,85,3035,0,000096,
2026-08-18 18:03:55,0,9000,28,6793,1,0834,2,6943,6,5088,85,3036,0,000096,
2026-08-18 18:04:25,1,0333,28,6778,1,0834,2,6944,6,5088,85,3038,0,000096,
2026-08-18 18:04:55,3,7333,29,0030,1,0957,2,6821,6,5088,85,3039,0,000095,
2026-08-18 18:05:25,1,1000,28,5143,1,0772,2,7006,6,5088,85,3041,0,000095,
2026-08-18 18:05:55,1,1667,28,5385,1,0781,2,6996,6,5088,85,3043,0,000095,
2026-08-18 18:06:25,1,1333,28,5369,1,0781,2,6997,6,5088,85,3044,0,000095,
2026-08-18 18:06:55,0,9667,28,5541,1,0787,2,6991,6,5088,85,3046,0,000095,
2026-08-18 18:07:25,1,1333,28,5526,1,0786,2,6991,6,5088,85,3047,0,000095,
2026-08-18 18:07:55,1,0000,28,5514,1,0786,2,6992,6,5088,85,3048,0,000095,
2026-08-18 18:08:25,1,0066,28,5499,1,0785,2,6992,6,5088,85,3050,0,000095,
2026-08-18 18:08:55,0,9667,28,5543,1,0787,2,6990,6,5088,85,3051,0,000095,
2026-08-18 18:09:25,0,9333,28,5531,1,0787,2,6991,6,5088,85,3053,0,000095,
2026-08-18 18:09:55,1,0601,28,6080,1,0807,2,6970,6,5088,85,3054,0,000095,
2026-08-18 18:10:25,1,0000,28,6064,1,0807,2,6971,6,5088,85,3056,0,000095,
2026-08-18 18:10:55,0,9333,28,6051,1,0806,2,6971,6,5088,85,3057,0,000095,
2026-08-18 18:11:25,1,0399,28,6093,1,0808,2,6970,6,5088,85,3059,0,000095,
2026-08-18 18:11:55,2,0000,28,6254,1,0814,2,6964,6,4855,85,3060,0,000097,
2026-08-18 18:12:25,1,0000,28,6064,1,0807,2,6971,6,4855,85,3062,0,000097,
2026-08-18 18:12:55,0,9333,28,6048,1,0806,2,6971,6,4855,85,3063,0,000097,
2026-08-18 18:13:25,1,0333,28,6031,1,0806,2,6972,6,4855,85,3064,0,000097,
2026-08-18 18:13:55,0,9333,28,6016,1,0805,2,6973,6,4855,85,3066,0,000097,
2026-08-18 18:14:25,1,0667,28,5998,1,0804,2,6973,6,4855,85,3067,0,000097,
2026-08-18 18:14:55,1,0667,28,5961,1,0803,2,6975,6,4855,85,3069,0,000097,
2026-08-18 18:15:25,0,9066,28,6001,1,0804,2,6973,6,4855,85,3070,0,000097,
2026-08-18 18:15:55,1,0667,28,5984,1,0804,2,6974,6,4855,85,3072,0,000097,
2026-08-18 18:16:25,0,9667,28,5973,1,0803,2,6974,6,4855,85,3073,0,000097,
2026-08-18 18:16:55,1,0000,28,6209,1,0812,2,6965,6,4855,85,3075,0,000095,
2026-08-18 18:17:25,1,1667,28,6175,1,0811,2,6967,6,4855,85,3076,0,000095,
2026-08-18 18:17:55,1,0934,28,6160,1,0810,2,6967,6,4855,85,3078,0,000095,
2026-08-18 18:18:25,1,0667,28,6144,1,0810,2,6968,6,4855,85,3079,0,000095,
2026-08-18 18:18:55,0,9667,28,6127,1,0809,2,6968,6,4855,85,3080,0,000095,
2026-08-18 18:19:25,1,0667,28,6104,1,0808,2,6969,6,4855,85,3082,0,000095,
2026-08-18 18:19:55,1,0667,28,6083,1,0808,2,6970,6,4855,85,3083,0,000095,
2026-08-18 18:20:25,1,0667,28,7875,1,0875,2,6902,6,4855,85,3085,0,000095,
2026-08-18 18:20:55,1,0333,28,7669,1,0867,2,6910,6,4855,85,3086,0,000095,
2026-08-18 18:21:25,1,1733,28,7586,1,0864,2,6913,6,4855,85,3088,0,000095,
2026-08-18 18:21:55,1,1000,28,7571,1,0864,2,6914,6,4855,85,3089,0,000095,
2026-08-18 18:22:25,1,3000,28,7556,1,0863,2,6914,6,4855,85,3091,0,000095,
2026-08-18 18:22:55,1,4000,28,7541,1,0863,2,6915,6,4855,85,3092,0,000095,
2026-08-18 18:23:25,1,2333,28,7589,1,0864,2,6913,6,4855,85,3094,0,000095,
2026-08-18 18:23:55,1,3667,28,7752,1,0871,2,6907,6,4855,85,3095,0,000095,
2026-08-18 18:24:25,1,2000,28,7729,1,0870,2,6908,6,4855,85,3096,0,000095,
2026-08-18 18:24:55,1,2000,28,7710,1,0869,2,6909,6,4855,85,3098,0,000095,
2026-08-18 18:25:25,1,1333,28,7761,1,0871,2,6907,6,4855,85,3099,0,000095,
2026-08-18 18:25:55,1,0667,28,7744,1,0870,2,6907,6,4855,85,3101,0,000095,
2026-08-18 18:26:25,1,1000,28,7729,1,0870,2,6908,6,4855,85,3102,0,000095,
2026-08-18 18:26:55,1,0667,28,7752,1,0871,2,6907,6,4855,85,3104,0,000095,
2026-08-18 18:27:25,0,9667,28,7712,1,0869,2,6908,6,4855,85,3105,0,000095,
2026-08-18 18:27:55,0,9667,28,7634,1,0866,2,6911,6,4855,85,3107,0,000095,
2026-08-18 18:28:25,0,9333,28,7619,1,0866,2,6912,6,4855,85,3108,0,000095,
2026-08-18 18:28:55,0,9000,28,7601,1,0865,2,6913,6,4855,85,3110,0,000095,
2026-08-18 18:29:25,1,0667,28,7589,1,0864,2,6913,6,4855,85,3111,0,000095,
2026-08-18 18:29:55,41,0667,31,5936,1,1935,2,5842,6,4037,85,3132,0,000095,
2026-08-18 18:30:25,47,1333,52,5112,1,9837,1,7940,6,3920,85,7299,0,065721,
2026-08-18 18:30:55,39,3667,51,4598,1,9440,1,8337,6,3920,86,0462,0,132420,
2026-08-18 18:31:25,16,1000,50,3859,1,9035,1,8743,6,3687,86,1248,0,177705,
2026-08-18 18:31:55,9,2333,50,3761,1,9031,1,8747,6,3687,86,1260,0,177725,
2026-08-18 18:32:25,10,1667,50,4507,1,9059,1,8719,6,3687,86,1306,0,178075,
2026-08-18 18:32:55,14,6000,51,3244,1,9389,1,8388,6,3687,86,1351,0,179311,
2026-08-18 18:33:25,100,0000,51,2911,1,9377,1,8401,6,3570,86,1354,0,179336,
2026-08-18 18:33:55,100,0000,51,2896,1,9376,1,8402,6,3570,86,1356,0,179344,
2026-08-18 18:34:25,100,0000,51,2866,1,9375,1,8403,6,3570,86,1358,0,179377,
2026-08-18 18:34:55,11,1393,50,8271,1,9201,1,8576,6,3570,86,1361,0,151665,
2026-08-18 18:35:25,1,5333,50,2253,1,8974,1,8804,6,3570,86,1134,0,083285,
2026-08-18 18:35:55,1,3000,50,2606,1,8987,1,8790,6,3570,86,1137,0,018373,
2026-08-18 18:36:25,1,3268,50,2164,1,8971,1,8807,6,3570,86,1138,0,001815,
2026-08-18 18:36:55,1,1667,50,2138,1,8970,1,8808,6,3570,86,1140,0,001482,
2026-08-18 18:37:25,1,2267,50,2442,1,8981,1,8797,6,3570,86,1142,0,000253,
2026-08-18 18:37:55,2,3667,50,2505,1,8983,1,8794,6,3570,86,1143,0,000225,
2026-08-18 18:38:25,1,2667,50,2469,1,8982,1,8796,6,3570,86,1144,0,000204,
2026-08-18 18:38:55,1,9333,50,2448,1,8981,1,8796,6,3570,86,1147,0,000188,
2026-08-18 18:39:25,1,3667,50,2560,1,8985,1,8792,6,3570,86,1148,0,000173,
2026-08-18 18:39:55,6,3000,48,1372,1,8185,1,9593,6,3570,86,1154,0,000142,
2026-08-18 18:40:25,1,5000,48,2083,1,8212,1,9566,6,3570,86,1156,0,000123,
2026-08-18 18:40:55,2,2333,48,2039,1,8210,1,9567,6,3570,86,1158,0,000124,
2026-08-18 18:41:25,1,5333,48,2278,1,8219,1,9558,6,3570,86,1159,0,000127,
2026-08-18 18:41:55,1,2000,48,2325,1,8221,1,9557,6,3570,86,1161,0,000118,
2026-08-18 18:42:25,1,3000,48,2310,1,8220,1,9557,6,3570,86,1162,0,000116,
2026-08-18 18:42:55,1,2333,48,2415,1,8224,1,9553,6,3570,86,1164,0,000114,
2026-08-18 18:43:25,1,2667,48,2592,1,8231,1,9546,6,3570,86,1165,0,000114,
2026-08-18 18:43:55,11,6333,49,7937,1,8811,1,8967,6,3570,86,1170,0,000110,
2026-08-18 18:44:25,3,1667,48,9356,1,8487,1,9291,6,3336,86,1176,0,000108,
2026-08-18 18:44:55,12,4000,48,9348,1,8486,1,9291,6,3336,86,1177,0,000107,
2026-08-18 18:45:25,95,1000,48,9636,1,8497,1,9280,6,3336,86,1181,0,000106,
2026-08-18 18:45:55,95,1333,48,9806,1,8504,1,9274,6,3336,86,1182,0,000113,
2026-08-18 18:46:25,95,1000,49,0019,1,8512,1,9266,6,3336,86,1184,0,000110,
2026-08-18 18:46:55,95,0667,49,0003,1,8511,1,9266,6,3336,86,1185,0,000111,
2026-08-18 18:47:25,95,0667,48,9964,1,8510,1,9268,6,3336,86,1187,0,000110,
2026-08-18 18:47:55,84,9343,48,9912,1,8508,1,9270,6,3336,86,1188,0,000109,
2026-08-18 18:48:25,1,7000,48,9909,1,8508,1,9270,6,3336,86,1189,0,000109,
2026-08-18 18:48:55,1,1333,48,9889,1,8507,1,9271,6,3336,86,1191,0,000109,
2026-08-18 18:49:25,1,6000,48,9924,1,8508,1,9269,6,3336,86,1192,0,000108,
2026-08-18 18:49:55,1,1667,48,9892,1,8507,1,9271,6,3336,86,1194,0,000108,
2026-08-18 18:50:25,1,6667,50,2914,1,8999,1,8779,6,3336,86,0700,0,000097,
2026-08-18 18:50:55,1,4333,50,2822,1,8995,1,8782,6,3336,86,0701,0,000101,
2026-08-18 18:51:25,1,3333,50,2874,1,8997,1,8780,6,3336,86,0703,0,000101,
2026-08-18 18:51:55,1,0000,50,2609,1,8987,1,8790,6,3336,86,0704,0,000101,
2026-08-18 18:52:25,1,7333,50,2590,1,8987,1,8791,6,3336,86,0706,0,000101,
2026-08-18 18:52:55,1,2000,50,2571,1,8986,1,8792,6,3336,86,0707,0,000101,
2026-08-18 18:53:25,3,4000,49,0752,1,8539,1,9238,6,3336,86,0707,0,000100,
2026-08-18 18:53:55,1,2000,49,0739,1,8539,1,9239,6,3336,86,0708,0,000100,
2026-08-18 18:54:25,1,6667,49,0785,1,8541,1,9237,6,3336,86,0710,0,000100,
2026-08-18 18:54:55,1,5268,49,0765,1,8540,1,9238,6,3336,86,0712,0,000100,
2026-08-18 18:55:25,1,5399,49,0748,1,8539,1,9238,6,3336,86,0713,0,000098,
2026-08-18 18:55:55,1,6333,49,0733,1,8539,1,9239,6,3336,86,0714,0,000103,
2026-08-18 18:56:25,1,3667,49,0772,1,8540,1,9237,6,3336,86,0716,0,000107,
2026-08-18 18:56:55,1,5333,49,0747,1,8539,1,9238,6,3336,86,0717,0,000107,
2026-08-18 18:57:25,1,4667,49,0749,1,8539,1,9238,6,3336,86,0719,0,000107,
2026-08-18 18:57:55,1,2000,49,0852,1,8543,1,9234,6,3336,86,0720,0,000108,
2026-08-18 18:58:25,1,5066,49,0838,1,8543,1,9235,6,3336,86,0722,0,000108,
2026-08-18 18:58:55,1,0000,48,9706,1,8500,1,9278,6,3336,86,0723,0,000108,
2026-08-18 18:59:25,1,3333,48,9947,1,8509,1,9269,6,3336,86,0725,0,000108,
2026-08-18 18:59:55,1,3000,48,9989,1,8511,1,9267,6,3336,86,0726,0,000108,
2026-08-18 19:00:25,1,3333,49,0587,1,8533,1,9244,6,3336,86,0729,0,000121,
2026-08-18 19:00:55,1,2667,49,0760,1,8540,1,9238,6,3336,86,0730,0,000110,
2026-08-18 19:01:25,1,2333,49,0734,1,8539,1,9239,6,3336,86,0732,0,000132,
2026-08-18 19:01:55,1,2667,49,0719,1,8538,1,9239,6,3336,86,0734,0,000131,
2026-08-18 19:02:25,1,1934,49,0703,1,8538,1,9240,6,3336,86,0735,0,000132,
2026-08-18 19:02:55,0,9399,49,0688,1,8537,1,9241,6,3336,86,0737,0,000132,
2026-08-18 19:03:25,1,3000,49,0670,1,8536,1,9241,6,3336,86,0738,0,000133,
2026-08-18 19:03:55,1,0000,49,0653,1,8536,1,9242,6,3336,86,0740,0,000133,
2026-08-18 19:04:25,1,0333,49,0638,1,8535,1,9242,6,3336,86,0741,0,000133,
2026-08-18 19:04:55,1,0000,49,0617,1,8534,1,9243,6,3336,86,0743,0,000120,
2026-08-18 19:05:25,1,0333,48,9647,1,8498,1,9280,6,3336,86,0744,0,000120,
2026-08-18 19:05:55,1,1000,48,9443,1,8490,1,9288,6,3336,86,0746,0,000098,
2026-08-18 19:06:25,1,2667,48,9491,1,8492,1,9286,6,3336,86,0747,0,000098,
2026-08-18 19:06:55,1,0667,48,9733,1,8501,1,9277,6,3336,86,0749,0,000097,
2026-08-18 19:07:25,1,3333,48,9718,1,8500,1,9277,6,3336,86,0750,0,000097,
2026-08-18 19:07:55,1,2667,48,9705,1,8500,1,9278,6,3336,86,0752,0,000096,
2026-08-18 19:08:25,1,3000,48,9749,1,8502,1,9276,6,3336,86,0753,0,000096,
2026-08-18 19:08:55,1,2667,48,9719,1,8500,1,9277,6,3336,86,0754,0,000096,
2026-08-18 19:09:25,1,2333,48,9834,1,8505,1,9273,6,3336,86,0756,0,000096,
2026-08-18 19:09:55,1,2000,49,0067,1,8514,1,9264,6,3336,86,0758,0,000096,
2026-08-18 19:10:25,1,3000,49,0183,1,8518,1,9260,6,3336,86,0759,0,000096,
2026-08-18 19:10:55,1,2667,49,0616,1,8534,1,9243,6,3336,86,0760,0,000096,
2026-08-18 19:11:25,1,4333,49,0725,1,8538,1,9239,6,3336,86,0762,0,000107,
2026-08-18 19:11:55,1,1465,49,0765,1,8540,1,9238,6,3336,86,0763,0,000108,
2026-08-18 19:12:25,1,2667,49,0942,1,8547,1,9231,6,3336,86,0765,0,000108,
2026-08-18 19:12:55,1,3000,49,0803,1,8541,1,9236,6,3336,86,0766,0,000108,
2026-08-18 19:13:25,1,3667,49,1087,1,8552,1,9226,6,3336,86,0768,0,000109,
2026-08-18 19:13:55,1,1333,49,0945,1,8547,1,9231,6,3336,86,0769,0,000109,
2026-08-18 19:14:25,1,2333,49,1186,1,8556,1,9222,6,3336,86,0771,0,000109,
2026-08-18 19:14:55,1,2000,49,1168,1,8555,1,9222,6,3336,86,0772,0,000109,
2026-08-18 19:15:25,1,3000,49,1252,1,8558,1,9219,6,3336,86,0774,0,000110,
2026-08-18 19:15:55,1,2667,48,9513,1,8493,1,9285,6,3336,86,0775,0,000110,
2026-08-18 19:16:25,1,2667,48,7528,1,8418,1,9360,6,3336,86,0777,0,000098,
2026-08-18 19:16:55,1,5333,48,5555,1,8343,1,9434,6,3336,86,0778,0,000098,
2026-08-18 19:17:25,1,2667,48,1726,1,8198,1,9579,6,3336,86,0780,0,000098,
2026-08-18 19:17:55,1,3667,48,1968,1,8208,1,9570,6,3336,86,0781,0,000097,
2026-08-18 19:18:25,1,3601,48,1955,1,8207,1,9570,6,3336,86,0783,0,000097,
2026-08-18 19:18:55,1,4333,48,2252,1,8218,1,9559,6,3336,86,0784,0,000097,
2026-08-18 19:19:25,1,4333,48,2493,1,8227,1,9550,6,3336,86,0785,0,000096,
2026-08-18 19:19:55,1,5000,48,2474,1,8227,1,9551,6,3336,86,0787,0,000096,
2026-08-18 19:20:25,1,3333,49,1266,1,8559,1,9219,6,3336,86,0788,0,000096,
2026-08-18 19:20:55,1,5333,49,1241,1,8558,1,9220,6,3336,86,0790,0,000096,
2026-08-18 19:21:25,1,3000,49,1229,1,8557,1,9220,6,3336,86,0791,0,000095,
2026-08-18 19:21:55,1,4667,49,1216,1,8557,1,9221,6,3336,86,0793,0,000096,
2026-08-18 19:22:25,1,3000,49,1136,1,8554,1,9224,6,3336,86,0794,0,000096,
2026-08-18 19:22:55,1,2000,49,1123,1,8553,1,9224,6,3336,86,0796,0,000096,
2026-08-18 19:23:25,1,3667,49,1112,1,8553,1,9225,6,3336,86,0797,0,000096,
2026-08-18 19:23:55,1,2000,49,1097,1,8552,1,9225,6,3336,86,0799,0,000096,
2026-08-18 19:24:25,1,2667,49,1086,1,8552,1,9226,6,3336,86,0800,0,000096,
2026-08-18 19:24:55,1,2667,49,1070,1,8551,1,9226,6,3336,86,0802,0,000097,
2026-08-18 19:25:25,1,2667,49,1054,1,8551,1,9227,6,3336,86,0803,0,000097,
2026-08-18 19:25:55,1,1667,49,1042,1,8550,1,9227,6,3336,86,0805,0,000097,
2026-08-18 19:26:25,1,2333,49,1284,1,8559,1,9218,6,3336,86,0806,0,000097,
2026-08-18 19:26:55,1,2000,49,1714,1,8576,1,9202,6,3336,86,0807,0,000109,
2026-08-18 19:27:25,1,2667,49,1702,1,8575,1,9202,6,3336,86,0809,0,000108,
2026-08-18 19:27:55,1,2333,49,1691,1,8575,1,9203,6,3336,86,0810,0,000109,
2026-08-18 19:28:25,1,3333,49,1678,1,8574,1,9203,6,3336,86,0812,0,000108,
2026-08-18 19:28:55,1,3000,49,1728,1,8576,1,9201,6,3336,86,0813,0,000109,
2026-08-18 19:29:25,1,2667,49,1783,1,8578,1,9199,6,3336,86,0815,0,000108,
2026-08-18 19:29:55,1,1601,49,1891,1,8582,1,9195,6,3336,86,0816,0,000109,
2026-08-18 19:30:25,1,3333,49,2022,1,8587,1,9190,6,3336,86,0821,0,000152,
2026-08-18 19:30:55,1,2000,49,1993,1,8586,1,9191,6,3336,86,0822,0,000152,
2026-08-18 19:31:25,1,3333,49,1978,1,8586,1,9192,6,3336,86,0824,0,000150,
2026-08-18 19:31:55,1,2667,49,1963,1,8585,1,9192,6,3336,86,0826,0,000153,
2026-08-18 19:32:25,1,2333,49,1780,1,8578,1,9199,6,3336,86,0827,0,000156,
2026-08-18 19:32:55,1,2667,49,1766,1,8578,1,9200,6,3336,86,0828,0,000158,
2026-08-18 19:33:25,1,3268,49,1726,1,8576,1,9201,6,3336,86,0830,0,000159,
2026-08-18 19:33:55,1,2000,49,1709,1,8576,1,9202,6,3336,86,0832,0,000160,
2026-08-18 19:34:25,1,3333,49,1699,1,8575,1,9202,6,3336,86,0833,0,000159,
2026-08-18 19:34:55,1,2732,49,1679,1,8574,1,9203,6,3336,86,0835,0,000116,
2026-08-18 19:35:25,4,6333,48,9621,1,8497,1,9281,6,3336,86,0836,0,000116,
2026-08-18 19:35:55,1,2667,48,9524,1,8493,1,9285,6,3336,86,0838,0,000106,
2026-08-18 19:36:25,1,2333,48,9573,1,8495,1,9283,6,3336,86,0839,0,000103,
2026-08-18 19:36:55,1,1000,48,7773,1,8427,1,9351,6,3336,86,0841,0,000111,
2026-08-18 19:37:25,1,4667,48,7760,1,8426,1,9351,6,3336,86,0842,0,000111,
2026-08-18 19:37:55,1,3667,48,7749,1,8426,1,9352,6,3336,86,0844,0,000108,
2026-08-18 19:38:25,1,4667,48,7734,1,8425,1,9352,6,3336,86,0845,0,000108,
2026-08-18 19:38:55,1,4333,48,7903,1,8432,1,9346,6,3336,86,0847,0,000108,
2026-08-18 19:39:25,1,6667,48,7986,1,8435,1,9343,6,3336,86,0848,0,000108,
2026-08-18 19:39:55,1,4000,48,8026,1,8436,1,9341,6,3336,86,0850,0,000108,
2026-08-18 19:40:25,1,5000,48,8015,1,8436,1,9342,6,3336,86,0851,0,000108,
2026-08-18 19:40:55,1,1667,48,8003,1,8436,1,9342,6,3336,86,0853,0,000108,
2026-08-18 19:41:25,1,0667,48,7988,1,8435,1,9343,6,3336,86,0854,0,000108,
2026-08-18 19:41:55,1,0333,48,7974,1,8434,1,9343,6,3336,86,0856,0,000098,
2026-08-18 19:42:25,1,0667,48,7958,1,8434,1,9344,6,3336,86,0857,0,000100,
2026-08-18 19:42:55,1,1000,48,7946,1,8433,1,9344,6,3336,86,0859,0,000100,
2026-08-18 19:43:25,1,1333,48,7931,1,8433,1,9345,6,3336,86,0860,0,000100,
2026-08-18 19:43:55,1,0667,48,7919,1,8432,1,9345,6,3336,86,0862,0,000113,
2026-08-18 19:44:25,1,0000,48,7905,1,8432,1,9346,6,3336,86,0863,0,000113,
2026-08-18 19:44:55,1,7000,48,7883,1,8431,1,9347,6,3336,86,0865,0,000112,
2026-08-18 19:45:25,1,4667,48,8000,1,8435,1,9342,6,3336,86,0866,0,000112,
2026-08-18 19:45:55,1,5333,48,7986,1,8435,1,9343,6,3336,86,0867,0,000113,
2026-08-18 19:46:25,1,4667,48,8102,1,8439,1,9338,6,3336,86,0869,0,000113,
2026-08-18 19:46:55,1,6333,48,8213,1,8443,1,9334,6,3336,86,0870,0,000110,
2026-08-18 19:47:25,1,7667,48,8391,1,8450,1,9327,6,3336,86,0872,0,000121,
2026-08-18 19:47:55,1,6268,48,8380,1,8450,1,9328,6,3336,86,0873,0,000120,
2026-08-18 19:48:25,1,5000,48,8371,1,8449,1,9328,6,3336,86,0875,0,000111,
2026-08-18 19:48:55,1,5268,48,8413,1,8451,1,9327,6,3336,86,0876,0,000116,
2026-08-18 19:49:25,1,5000,48,8402,1,8451,1,9327,6,3336,86,0878,0,000116,
2026-08-18 19:49:55,1,6066,48,8391,1,8450,1,9327,6,3336,86,0879,0,000116,
2026-08-18 19:50:25,10,4000,48,9549,1,8494,1,9284,6,3336,86,0881,0,000117,
2026-08-18 19:50:55,1,8333,48,9716,1,8500,1,9277,6,3336,86,0882,0,000117,
2026-08-18 19:51:25,1,4333,48,9513,1,8493,1,9285,6,3336,86,0884,0,000117,
2026-08-18 19:51:55,1,9268,48,9524,1,8493,1,9285,6,3336,86,0885,0,000118,
2026-08-18 19:52:25,1,5000,48,9557,1,8494,1,9283,6,3336,86,0887,0,000111,
2026-08-18 19:52:55,1,6000,48,9737,1,8501,1,9277,6,3336,86,0888,0,000111,
2026-08-18 19:53:25,1,6333,48,9721,1,8500,1,9277,6,3336,86,0889,0,000101,
2026-08-18 19:53:55,1,7601,48,9710,1,8500,1,9277,6,3336,86,0891,0,000101,
2026-08-18 19:54:25,1,7066,48,9764,1,8502,1,9275,6,3336,86,0892,0,000101,
2026-08-18 19:54:55,1,6667,48,9938,1,8509,1,9269,6,3336,86,0894,0,000101,
2026-08-18 19:55:25,1,6667,48,9925,1,8508,1,9269,6,3336,86,0895,0,000100,
2026-08-18 19:55:55,1,8000,48,9913,1,8508,1,9270,6,3336,86,0897,0,000100,
2026-08-18 19:56:25,1,6000,48,9963,1,8510,1,9268,6,3336,86,0898,0,000100,
2026-08-18 19:56:55,1,6333,48,9949,1,8509,1,9268,6,3336,86,0900,0,000094,
2026-08-18 19:57:25,1,5333,48,9931,1,8508,1,9269,6,3336,86,0901,0,000095,
2026-08-18 19:57:55,1,6000,48,9975,1,8510,1,9268,6,3336,86,0903,0,000095,
2026-08-18 19:58:25,1,5000,49,0018,1,8512,1,9266,6,3336,86,0904,0,000095,
2026-08-18 19:58:55,1,8333,49,0007,1,8511,1,9266,6,3336,86,0906,0,000095,
2026-08-18 19:59:25,1,6333,48,9994,1,8511,1,9267,6,3336,86,0907,0,000095,
2026-08-18 19:59:55,1,7667,48,9982,1,8510,1,9267,6,3336,86,0909,0,000095,
2026-08-18 20:00:25,2,8000,50,2346,1,8977,1,8800,6,3336,86,0718,0,000108,
2026-08-18 20:00:55,1,8000,50,3365,1,9016,1,8762,6,3336,86,0720,0,000108,
2026-08-18 20:01:25,1,5333,50,3352,1,9015,1,8762,6,3336,86,0721,0,000109,
2026-08-18 20:01:55,1,8000,50,3337,1,9015,1,8763,6,3336,86,0723,0,000107,
2026-08-18 20:02:25,1,6333,49,3631,1,8648,1,9129,6,3336,86,0724,0,000109,
2026-08-18 20:02:55,1,7000,49,3616,1,8648,1,9130,6,3336,86,0726,0,000120,
2026-08-18 20:03:25,1,3667,49,3604,1,8647,1,9130,6,3336,86,0727,0,000121,
2026-08-18 20:03:55,1,4000,49,3529,1,8644,1,9133,6,3336,86,0729,0,000121,
2026-08-18 20:04:25,1,6333,49,3388,1,8639,1,9139,6,3336,86,0730,0,000122,
2026-08-18 20:04:55,1,3333,49,3371,1,8638,1,9139,6,3336,86,0732,0,000122,
2026-08-18 20:05:25,11,7667,49,1131,1,8554,1,9224,6,3336,86,0733,0,000109,
2026-08-18 20:05:55,1,4000,49,1180,1,8556,1,9222,6,3336,86,0735,0,000110,
2026-08-18 20:06:25,1,6399,49,1166,1,8555,1,9222,6,3336,86,0736,0,000109,
2026-08-18 20:06:55,1,3667,49,1152,1,8555,1,9223,6,3336,86,0738,0,000107,
2026-08-18 20:07:25,1,6333,49,1140,1,8554,1,9223,6,3336,86,0739,0,000098,
2026-08-18 20:07:55,1,6601,49,1127,1,8554,1,9224,6,3336,86,0741,0,000098,
2026-08-18 20:08:25,1,6333,49,1116,1,8553,1,9224,6,3336,86,0742,0,000097,
2026-08-18 20:08:55,1,5333,49,1107,1,8553,1,9225,6,3336,86,0744,0,000097,
2026-08-18 20:09:25,1,6000,49,1222,1,8557,1,9220,6,3336,86,0745,0,000097,
2026-08-18 20:09:55,1,5000,49,1334,1,8561,1,9216,6,3336,86,0747,0,000097,
2026-08-18 20:10:25,1,6333,49,1568,1,8570,1,9207,6,3336,86,0748,0,000096,
2026-08-18 20:10:55,1,6667,49,1583,1,8571,1,9207,6,3336,86,0750,0,000096,
2026-08-18 20:11:25,1,5333,49,1560,1,8570,1,9208,6,3336,86,0751,0,000095,
2026-08-18 20:11:55,1,5333,49,1548,1,8569,1,9208,6,3336,86,0753,0,000093,
2026-08-18 20:12:25,1,6333,49,1533,1,8569,1,9209,6,3336,86,0754,0,000095,
2026-08-18 20:12:55,1,4667,49,1516,1,8568,1,9209,6,3336,86,0756,0,000095,
2026-08-18 20:13:25,1,6333,49,1501,1,8568,1,9210,6,3336,86,0757,0,000095,
2026-08-18 20:13:55,1,4000,49,1050,1,8551,1,9227,6,3336,86,0759,0,000095,
2026-08-18 20:14:25,1,6000,49,1353,1,8562,1,9215,6,3336,86,0760,0,000095,
2026-08-18 20:14:55,1,5333,49,1397,1,8564,1,9214,6,3336,86,0761,0,000095,
2026-08-18 20:15:25,1,6333,49,1444,1,8566,1,9212,6,3336,86,0763,0,000095,
2026-08-18 20:15:55,1,5667,49,1431,1,8565,1,9212,6,3336,86,0765,0,000095,
2026-08-18 20:16:25,1,6667,49,1473,1,8567,1,9211,6,3336,86,0766,0,000096,
2026-08-18 20:16:55,1,4667,49,1965,1,8585,1,9192,6,3336,86,0767,0,000093,
2026-08-18 20:17:25,1,6000,48,4919,1,8319,1,9459,6,3336,86,0769,0,000096,
2026-08-18 20:17:55,1,4000,48,5412,1,8338,1,9440,6,3336,86,0770,0,000106,
2026-08-18 20:18:25,1,6667,48,5398,1,8337,1,9440,6,3336,86,0772,0,000106,
2026-08-18 20:18:55,1,2667,48,5544,1,8343,1,9435,6,3336,86,0773,0,000107,
2026-08-18 20:19:25,1,1333,48,5722,1,8349,1,9428,6,3336,86,0775,0,000107,
2026-08-18 20:19:55,0,9667,48,5768,1,8351,1,9426,6,3336,86,0776,0,000107,
2026-08-18 20:20:25,12,8391,49,4591,1,8684,1,9093,6,3336,86,0778,0,000107,
2026-08-18 20:20:55,1,0000,49,4571,1,8684,1,9094,6,3336,86,0779,0,000108,
2026-08-18 20:21:25,1,0934,49,4569,1,8684,1,9094,6,3336,86,0781,0,000107,
2026-08-18 20:21:55,0,9667,49,4413,1,8678,1,9100,6,3336,86,0782,0,000105,
2026-08-18 20:22:25,1,1333,49,4516,1,8682,1,9096,6,3336,86,0784,0,000108,
2026-08-18 20:22:55,1,0000,49,4559,1,8683,1,9094,6,3336,86,0785,0,000097,
2026-08-18 20:23:25,1,1667,49,4549,1,8683,1,9095,6,3336,86,0787,0,000097,
2026-08-18 20:23:55,0,9667,49,4534,1,8682,1,9095,6,3336,86,0788,0,000097,
2026-08-18 20:24:25,1,1000,49,4522,1,8682,1,9096,6,3336,86,0790,0,000096,
2026-08-18 20:24:55,1,0333,49,4505,1,8681,1,9096,6,3336,86,0791,0,000096,
2026-08-18 20:25:25,1,1000,49,4362,1,8676,1,9102,6,3336,86,0792,0,000096,
2026-08-18 20:25:55,0,9667,49,4412,1,8678,1,9100,6,3336,86,0794,0,000096,
2026-08-18 20:26:25,1,1667,49,4318,1,8674,1,9103,6,3336,86,0795,0,000096,
2026-08-18 20:26:55,0,9934,49,4367,1,8676,1,9102,6,3336,86,0797,0,000094,
2026-08-18 20:27:25,1,1000,49,4356,1,8676,1,9102,6,3336,86,0798,0,000096,
2026-08-18 20:27:55,0,9667,49,4339,1,8675,1,9103,6,3336,86,0800,0,000095,
2026-08-18 20:28:25,1,1000,49,4325,1,8674,1,9103,6,3336,86,0801,0,000095,
2026-08-18 20:28:55,0,9667,49,4312,1,8674,1,9104,6,3336,86,0803,0,000095,
2026-08-18 20:29:25,1,1000,49,4298,1,8673,1,9104,6,3336,86,0804,0,000095,
2026-08-18 20:29:55,0,9333,49,4282,1,8673,1,9105,6,3336,86,0806,0,000095,
2026-08-18 20:30:25,1,4000,49,2304,1,8598,1,9179,6,3336,86,0809,0,000111,
2026-08-18 20:30:55,1,0000,49,2159,1,8593,1,9185,6,3336,86,0811,0,000111,
2026-08-18 20:31:25,1,1399,49,2265,1,8597,1,9181,6,3336,86,0812,0,000112,
2026-08-18 20:31:55,0,8333,49,2316,1,8598,1,9179,6,3336,86,0814,0,000109,
2026-08-18 20:32:25,1,0000,49,2228,1,8595,1,9182,6,3336,86,0815,0,000112,
2026-08-18 20:32:55,1,1333,49,2215,1,8595,1,9183,6,3336,86,0817,0,000112,
2026-08-18 20:33:25,1,5667,49,2198,1,8594,1,9184,6,3336,86,0818,0,000124,
2026-08-18 20:33:55,0,8667,49,2212,1,8595,1,9183,6,3336,86,0820,0,000124,
2026-08-18 20:34:25,0,9667,49,2199,1,8594,1,9183,6,3336,86,0821,0,000125,
2026-08-18 20:34:55,0,8667,49,2183,1,8593,1,9184,6,3336,86,0823,0,000125,
2026-08-18 20:35:25,11,2000,49,4715,1,8689,1,9088,6,3336,86,0824,0,000110,
2026-08-18 20:35:55,2,1333,49,2672,1,8612,1,9166,6,3336,86,0826,0,000305,
2026-08-18 20:36:25,1,0333,49,2669,1,8612,1,9166,6,3336,86,0827,0,000305,
2026-08-18 20:36:55,0,9000,49,2711,1,8613,1,9164,6,3336,86,0828,0,000303,
2026-08-18 20:37:25,0,9333,49,2698,1,8613,1,9165,6,3336,86,0830,0,000305,
2026-08-18 20:37:55,0,8333,49,3061,1,8627,1,9151,6,3336,86,0831,0,000304,
2026-08-18 20:38:25,0,9333,49,3048,1,8626,1,9151,6,3336,86,0833,0,000293,
2026-08-18 20:38:55,0,8333,49,3034,1,8626,1,9152,6,3336,86,0834,0,000293,
2026-08-18 20:39:25,0,9333,49,2893,1,8620,1,9157,6,3336,86,0836,0,000293,
2026-08-18 20:39:55,0,8667,49,2878,1,8620,1,9158,6,3336,86,0837,0,000293,
2026-08-18 20:40:25,0,9333,49,2985,1,8624,1,9154,6,3336,86,0839,0,000292,
2026-08-18 20:40:55,0,9333,49,2908,1,8621,1,9157,6,3336,86,0840,0,000096,
2026-08-18 20:41:25,0,9333,49,2948,1,8622,1,9155,6,3336,86,0842,0,000096,
2026-08-18 20:41:55,1,0667,49,2935,1,8622,1,9156,6,3336,86,0843,0,000094,
2026-08-18 20:42:25,0,9667,49,2921,1,8621,1,9156,6,3336,86,0845,0,000096,
2026-08-18 20:42:55,1,0667,49,2650,1,8611,1,9166,6,3336,86,0846,0,000096,
2026-08-18 20:43:25,1,3000,49,2445,1,8603,1,9174,6,3336,86,0848,0,000095,
2026-08-18 20:43:55,1,1667,49,2428,1,8603,1,9175,6,3336,86,0849,0,000095,
2026-08-18 20:44:25,1,3667,49,2289,1,8597,1,9180,6,3336,86,0851,0,000096,
2026-08-18 20:44:55,1,1667,49,2272,1,8597,1,9181,6,3336,86,0852,0,000096,
2026-08-18 20:45:25,0,9667,49,2259,1,8596,1,9181,6,3336,86,0854,0,000096,
2026-08-18 20:45:55,0,8333,49,2247,1,8596,1,9182,6,3336,86,0855,0,000095,
2026-08-18 20:46:25,1,0667,49,2233,1,8595,1,9182,6,3336,86,0856,0,000096,
2026-08-18 20:46:55,0,9333,49,2215,1,8595,1,9183,6,3336,86,0858,0,000093,
2026-08-18 20:47:25,1,0333,49,2263,1,8596,1,9181,6,3336,86,0859,0,000096,
2026-08-18 20:47:55,0,9000,49,2313,1,8598,1,9179,6,3336,86,0861,0,000096,
2026-08-18 20:48:25,0,9667,49,2109,1,8591,1,9187,6,3336,86,0862,0,000095,
2026-08-18 20:48:55,0,8333,49,2150,1,8592,1,9185,6,3336,86,0864,0,000106,
2026-08-18 20:49:25,0,9333,49,2084,1,8590,1,9188,6,3336,86,0865,0,000106,
2026-08-18 20:49:55,0,8667,49,2053,1,8589,1,9189,6,3336,86,0867,0,000107,
2026-08-18 20:50:25,10,9333,49,9998,1,8889,1,8889,6,3336,86,0868,0,000107,
2026-08-18 20:50:55,0,9000,49,2316,1,8598,1,9179,6,3336,86,0870,0,000107,
2026-08-18 20:51:25,0,9667,49,2305,1,8598,1,9179,6,3336,86,0871,0,000108,
2026-08-18 20:51:55,0,8667,49,2292,1,8598,1,9180,6,3336,86,0873,0,000106,
2026-08-18 20:52:25,0,9667,49,2658,1,8611,1,9166,6,3336,86,0874,0,000108,
2026-08-18 20:52:55,0,9000,49,2519,1,8606,1,9171,6,3336,86,0876,0,000108,
2026-08-18 20:53:25,0,9667,49,2505,1,8606,1,9172,6,3336,86,0877,0,000097,
2026-08-18 20:53:55,0,9000,49,2489,1,8605,1,9173,6,3336,86,0879,0,000097,
2026-08-18 20:54:25,0,9667,49,2664,1,8612,1,9166,6,3336,86,0880,0,000097,
2026-08-18 20:54:55,1,1333,49,2645,1,8611,1,9167,6,3336,86,0882,0,000097,
2026-08-18 20:55:25,0,9667,49,2627,1,8610,1,9167,6,3336,86,0883,0,000096,
2026-08-18 20:55:55,1,1000,49,2613,1,8610,1,9168,6,3336,86,0885,0,000097,
2026-08-18 20:56:25,0,9267,49,2472,1,8604,1,9173,6,3336,86,0886,0,000096,
2026-08-18 20:56:55,1,1333,49,2841,1,8618,1,9159,6,3336,86,0888,0,000094,
2026-08-18 20:57:25,0,9066,49,2774,1,8616,1,9162,6,3336,86,0889,0,000096,
2026-08-18 20:57:55,1,1000,49,2695,1,8613,1,9165,6,3336,86,0891,0,000096,
2026-08-18 20:58:25,0,9667,49,2810,1,8617,1,9160,6,3336,86,0892,0,000095,
2026-08-18 20:58:55,1,1000,49,2987,1,8624,1,9154,6,3336,86,0893,0,000095,
2026-08-18 20:59:25,1,2803,49,3027,1,8625,1,9152,6,3336,86,0895,0,000095,
2026-08-18 20:59:55,1,1333,49,3009,1,8625,1,9153,6,3336,86,0896,0,000095,
2026-08-18 21:00:25,1,2333,49,2989,1,8624,1,9154,6,3336,86,0899,0,000108,
2026-08-18 21:00:55,1,1333,49,2977,1,8623,1,9154,6,3336,86,0900,0,000108,
2026-08-18 21:01:25,1,0333,49,3082,1,8627,1,9150,6,3336,86,0902,0,000108,
2026-08-18 21:01:55,1,0667,49,3067,1,8627,1,9151,6,3336,86,0903,0,000106,
2026-08-18 21:02:25,0,9333,49,3110,1,8629,1,9149,6,3336,86,0905,0,000110,
2026-08-18 21:02:55,1,1333,49,3099,1,8628,1,9149,6,3336,86,0906,0,000110,
2026-08-18 21:03:25,0,9667,49,3083,1,8627,1,9150,6,3336,86,0908,0,000111,
2026-08-18 21:03:55,1,1667,49,3070,1,8627,1,9151,6,3336,86,0909,0,000123,
2026-08-18 21:04:25,0,9601,49,3054,1,8626,1,9151,6,3336,86,0911,0,000123,
2026-08-18 21:04:55,1,1333,48,7044,1,8399,1,9378,6,3336,86,0912,0,000123,
2026-08-18 21:05:25,0,9667,48,7030,1,8399,1,9379,6,3336,86,0914,0,000110,
2026-08-18 21:05:55,1,0333,49,2762,1,8615,1,9162,6,3336,86,0915,0,000111,
2026-08-18 21:06:25,1,0000,49,2825,1,8618,1,9160,6,3336,86,0917,0,000110,
2026-08-18 21:06:55,1,2333,49,2861,1,8619,1,9158,6,3336,86,0918,0,000108,
2026-08-18 21:07:25,1,0333,49,2792,1,8616,1,9161,6,3336,86,0920,0,000112,
2026-08-18 21:07:55,1,1000,49,2845,1,8618,1,9159,6,3336,86,0921,0,000111,
2026-08-18 21:08:25,1,1333,49,2884,1,8620,1,9158,6,3336,86,0923,0,000110,
2026-08-18 21:08:55,1,1000,49,2935,1,8622,1,9156,6,3336,86,0924,0,000102,
2026-08-18 21:09:25,1,0000,49,2917,1,8621,1,9156,6,3336,86,0926,0,000103,
2026-08-18 21:09:55,1,1333,49,2603,1,8609,1,9168,6,3336,86,0927,0,000103,
2026-08-18 21:10:25,0,9333,49,2515,1,8606,1,9172,6,3336,86,0929,0,000103,
2026-08-18 21:10:55,1,3333,49,2682,1,8612,1,9165,6,3336,86,0930,0,000103,
2026-08-18 21:11:25,1,2333,49,2861,1,8619,1,9158,6,3336,86,0931,0,000103,
2026-08-18 21:11:55,1,4000,49,2973,1,8623,1,9154,6,3336,86,0933,0,000099,
2026-08-18 21:12:25,0,9333,49,3205,1,8632,1,9145,6,3336,86,0934,0,000101,
2026-08-18 21:12:55,1,1667,49,3195,1,8632,1,9146,6,3336,86,0936,0,000101,
2026-08-18 21:13:25,0,9667,49,3237,1,8633,1,9144,6,3336,86,0937,0,000101,
2026-08-18 21:13:55,1,1333,49,3222,1,8633,1,9145,6,3336,86,0939,0,000097,
2026-08-18 21:14:25,0,9667,49,3205,1,8632,1,9145,6,3336,86,0940,0,000108,
2026-08-18 21:14:55,1,0934,49,3247,1,8634,1,9144,6,3336,86,0942,0,000107,
2026-08-18 21:15:25,0,9667,49,3232,1,8633,1,9144,6,3336,86,0943,0,000108,
2026-08-18 21:15:55,1,1667,49,3276,1,8635,1,9143,6,3336,86,0945,0,000108,
2026-08-18 21:16:25,1,2333,49,3265,1,8634,1,9143,6,3336,86,0946,0,000107,
2026-08-18 21:16:55,1,4333,49,3251,1,8634,1,9144,6,3336,86,0948,0,000106,
2026-08-18 21:17:25,1,2667,48,9223,1,8482,1,9296,6,3336,86,0949,0,000108,
2026-08-18 21:17:55,1,4000,48,9212,1,8481,1,9296,6,3336,86,0951,0,000108,
2026-08-18 21:18:25,1,2667,48,9257,1,8483,1,9295,6,3336,86,0952,0,000108,
2026-08-18 21:18:55,1,3333,48,9243,1,8482,1,9295,6,3336,86,0954,0,000097,
2026-08-18 21:19:25,1,2667,48,9480,1,8491,1,9286,6,3336,86,0955,0,000098,
2026-08-18 21:19:55,1,1000,48,9462,1,8491,1,9287,6,3336,86,0957,0,000097,
2026-08-18 21:20:25,0,9667,48,9445,1,8490,1,9288,6,3336,86,0958,0,000097,
2026-08-18 21:20:55,1,1333,50,1648,1,8951,1,8827,6,3336,86,0959,0,000097,
2026-08-18 21:21:25,0,9667,50,1441,1,8943,1,8834,6,3336,86,0961,0,000096,
2026-08-18 21:21:55,1,1333,50,1424,1,8943,1,8835,6,3336,86,0962,0,000093,
2026-08-18 21:22:25,0,9667,50,1411,1,8942,1,8835,6,3336,86,0964,0,000096,
2026-08-18 21:22:55,1,1000,50,1393,1,8941,1,8836,6,3336,86,0965,0,000096,
2026-08-18 21:23:25,1,0667,50,1437,1,8943,1,8834,6,3336,86,0967,0,000096,
2026-08-18 21:23:55,1,0667,50,1424,1,8943,1,8835,6,3336,86,0968,0,000096,
2026-08-18 21:24:25,1,0000,50,1409,1,8942,1,8836,6,3336,86,0970,0,000096,
2026-08-18 21:24:55,1,0667,50,1449,1,8944,1,8834,6,3336,86,0971,0,000096,
2026-08-18 21:25:25,0,9333,50,1436,1,8943,1,8835,6,3336,86,0973,0,000096,
2026-08-18 21:25:55,1,1000,50,1476,1,8945,1,8833,6,3336,86,0974,0,000096,
2026-08-18 21:26:25,0,9333,50,1460,1,8944,1,8834,6,3336,86,0976,0,000096,
2026-08-18 21:26:55,1,1000,50,1445,1,8943,1,8834,6,3336,86,0977,0,000093,
2026-08-18 21:27:25,0,8667,50,1369,1,8941,1,8837,6,3336,86,0979,0,000096,
2026-08-18 21:27:55,1,0667,50,1468,1,8944,1,8833,6,3336,86,0980,0,000096,
2026-08-18 21:28:25,0,9333,50,1422,1,8942,1,8835,6,3336,86,0982,0,000096,
2026-08-18 21:28:55,1,1000,50,1410,1,8942,1,8836,6,3336,86,0983,0,000096,
2026-08-18 21:29:25,0,9333,50,1396,1,8941,1,8836,6,3336,86,0984,0,000096,
2026-08-18 21:29:55,0,8733,50,1377,1,8941,1,8837,6,3336,86,0986,0,000106,
2026-08-18 21:30:25,1,0601,49,3000,1,8624,1,9153,6,3336,86,0989,0,000119,
2026-08-18 21:30:55,0,8667,49,2982,1,8624,1,9154,6,3336,86,0990,0,000119,
2026-08-18 21:31:25,0,9667,49,3031,1,8625,1,9152,6,3336,86,0992,0,000120,
2026-08-18 21:31:55,0,8733,49,3076,1,8627,1,9150,6,3336,86,0993,0,000118,
2026-08-18 21:32:25,1,0000,49,3060,1,8627,1,9151,6,3336,86,0995,0,000121,
2026-08-18 21:32:55,0,8667,49,3045,1,8626,1,9152,6,3336,86,0996,0,000121,
2026-08-18 21:33:25,1,0333,49,3143,1,8630,1,9148,6,3336,86,0997,0,000122,
2026-08-18 21:33:55,0,8333,49,3130,1,8629,1,9148,6,3336,86,0999,0,000122,
2026-08-18 21:34:25,0,9333,49,3116,1,8629,1,9149,6,3336,86,1000,0,000111,
2026-08-18 21:34:55,0,8667,49,3090,1,8628,1,9150,6,3336,86,1002,0,000112,
2026-08-18 21:35:25,1,0601,49,2875,1,8620,1,9158,6,3336,86,1003,0,000099,
2026-08-18 21:35:55,0,8000,49,3861,1,8657,1,9121,6,3336,86,1005,0,000099,
2026-08-18 21:36:25,0,9667,49,3846,1,8656,1,9121,6,3336,86,1006,0,000098,
2026-08-18 21:36:55,0,8000,49,3831,1,8656,1,9122,6,3336,86,1008,0,000096,
2026-08-18 21:37:25,0,9333,49,3875,1,8657,1,9120,6,3336,86,1009,0,000097,
2026-08-18 21:37:55,0,8667,49,3861,1,8657,1,9121,6,3336,86,1011,0,000097,
2026-08-18 21:38:25,0,9667,49,3846,1,8656,1,9121,6,3336,86,1012,0,000096,
2026-08-18 21:38:55,0,8333,49,3653,1,8649,1,9129,6,3336,86,1014,0,000095,
2026-08-18 21:39:25,0,9667,49,3639,1,8648,1,9129,6,3336,86,1015,0,000095,
2026-08-18 21:39:55,0,9333,49,3625,1,8648,1,9130,6,3336,86,1017,0,000095,
2026-08-18 21:40:25,0,9667,49,3666,1,8649,1,9128,6,3336,86,1018,0,000095,
2026-08-18 21:40:55,0,8667,49,3647,1,8649,1,9129,6,3336,86,1020,0,000095,
2026-08-18 21:41:25,0,9667,49,3635,1,8648,1,9129,6,3336,86,1021,0,000095,
2026-08-18 21:41:55,0,8000,49,3620,1,8648,1,9130,6,3336,86,1023,0,000093,
2026-08-18 21:42:25,0,9267,49,3603,1,8647,1,9130,6,3336,86,1024,0,000095,
2026-08-18 21:42:55,1,2333,49,3590,1,8647,1,9131,6,3336,86,1026,0,000095,
2026-08-18 21:43:25,1,3000,49,3632,1,8648,1,9129,6,3336,86,1027,0,000095,
2026-08-18 21:43:55,0,8667,49,3617,1,8648,1,9130,6,3336,86,1029,0,000095,
2026-08-18 21:44:25,1,9333,49,3602,1,8647,1,9130,6,3336,86,1030,0,000095,
2026-08-18 21:44:55,1,2333,49,3581,1,8646,1,9131,6,3336,86,1031,0,000106,
2026-08-18 21:45:25,1,2000,49,3565,1,8646,1,9132,6,3336,86,1033,0,000108,
2026-08-18 21:45:55,1,3000,49,3550,1,8645,1,9132,6,3336,86,1034,0,000109,
2026-08-18 21:46:25,1,1333,49,3534,1,8645,1,9133,6,3336,86,1036,0,000109,
2026-08-18 21:46:55,1,1333,49,3520,1,8644,1,9134,6,3336,86,1037,0,000107,
2026-08-18 21:47:25,1,2333,49,3506,1,8643,1,9134,6,3336,86,1039,0,000109,
2026-08-18 21:47:55,1,1667,49,3490,1,8643,1,9135,6,3336,86,1040,0,000110,
2026-08-18 21:48:25,1,1667,49,3475,1,8642,1,9135,6,3336,86,1042,0,000110,
2026-08-18 21:48:55,1,1333,49,3462,1,8642,1,9136,6,3336,86,1043,0,000110,
2026-08-18 21:49:25,1,2000,49,3447,1,8641,1,9136,6,3336,86,1045,0,000110,
2026-08-18 21:49:55,1,1667,49,3428,1,8641,1,9137,6,3336,86,1046,0,000100,
2026-08-18 21:50:25,1,1000,49,3416,1,8640,1,9137,6,3336,86,1048,0,000101,
2026-08-18 21:50:55,1,2333,49,3180,1,8631,1,9146,6,3336,86,1049,0,000101,
2026-08-18 21:51:25,1,1667,49,3229,1,8633,1,9145,6,3336,86,1051,0,000101,
2026-08-18 21:51:55,1,0667,49,3215,1,8632,1,9145,6,3336,86,1052,0,000098,
2026-08-18 21:52:25,1,1333,49,3200,1,8632,1,9146,6,3336,86,1054,0,000100,
2026-08-18 21:52:55,1,2000,49,3249,1,8634,1,9144,6,3336,86,1055,0,000100,
2026-08-18 21:53:25,1,2000,49,3237,1,8633,1,9144,6,3336,86,1057,0,000100,
2026-08-18 21:53:55,1,1000,49,3222,1,8633,1,9145,6,3336,86,1058,0,000100,
2026-08-18 21:54:25,1,1934,49,3262,1,8634,1,9143,6,3336,86,1059,0,000100,
2026-08-18 21:54:55,1,1000,49,3245,1,8634,1,9144,6,3336,86,1061,0,000096,
2026-08-18 21:55:25,1,1000,49,3677,1,8650,1,9128,6,3336,86,1063,0,000107,
2026-08-18 21:55:55,1,1667,49,3661,1,8649,1,9128,6,3336,86,1064,0,000106,
2026-08-18 21:56:25,1,2399,49,3584,1,8646,1,9131,6,3336,86,1066,0,000107,
2026-08-18 21:56:55,1,2667,49,3504,1,8643,1,9134,6,3336,86,1067,0,000105,
2026-08-18 21:57:25,1,1333,49,3490,1,8643,1,9135,6,3336,86,1068,0,000107,
2026-08-18 21:57:55,1,1667,49,3476,1,8642,1,9135,6,3336,86,1070,0,000107,
2026-08-18 21:58:25,1,1667,49,3458,1,8642,1,9136,6,3336,86,1071,0,000108,
2026-08-18 21:58:55,1,1667,49,3442,1,8641,1,9137,6,3336,86,1073,0,000108,
2026-08-18 21:59:25,1,2601,49,3430,1,8641,1,9137,6,3336,86,1074,0,000108,
2026-08-18 21:59:55,1,0333,49,3411,1,8640,1,9138,6,3336,86,1076,0,000097,
2026-08-18 22:00:25,1,8000,50,2809,1,8995,1,8783,6,3336,86,1226,0,000111,
2026-08-18 22:00:55,1,1667,50,4861,1,9072,1,8705,6,3336,86,1228,0,000110,
2026-08-18 22:01:25,1,2667,50,4783,1,9069,1,8708,6,3336,86,1229,0,000111,
2026-08-18 22:01:55,1,3000,49,9537,1,8871,1,8906,6,3336,86,1231,0,000109,
2026-08-18 22:02:25,1,2732,49,9522,1,8871,1,8907,6,3336,86,1232,0,000111,
2026-08-18 22:02:55,1,4000,49,9510,1,8870,1,8907,6,3336,86,1234,0,000110,
2026-08-18 22:03:25,1,1333,49,9495,1,8870,1,8908,6,3336,86,1235,0,000112,
2026-08-18 22:03:55,1,3667,49,9481,1,8869,1,8908,6,3336,86,1237,0,000111,
2026-08-18 22:04:25,1,4000,49,9468,1,8869,1,8909,6,3336,86,1238,0,000111,
2026-08-18 22:04:55,1,9667,49,9449,1,8868,1,8910,6,3336,86,1240,0,000111,
2026-08-18 22:05:25,1,7333,49,9433,1,8867,1,8910,6,3336,86,1241,0,000098,
2026-08-18 22:05:55,2,1333,49,2587,1,8609,1,9169,6,3336,86,1242,0,000098,
2026-08-18 22:06:25,1,7000,49,2637,1,8611,1,9167,6,3336,86,1244,0,000097,
2026-08-18 22:06:55,2,0000,49,2615,1,8610,1,9168,6,3336,86,1245,0,000095,
2026-08-18 22:07:25,1,5667,49,2600,1,8609,1,9168,6,3336,86,1247,0,000097,
2026-08-18 22:07:55,2,2667,49,2586,1,8609,1,9169,6,3336,86,1248,0,000097,
2026-08-18 22:08:25,2,1333,49,2571,1,8608,1,9169,6,3336,86,1250,0,000096,
2026-08-18 22:08:55,2,2333,49,2556,1,8608,1,9170,6,3336,86,1251,0,000096,
2026-08-18 22:09:25,1,5667,49,2542,1,8607,1,9171,6,3336,86,1253,0,000096,
2026-08-18 22:09:55,1,8667,49,2526,1,8606,1,9171,6,3336,86,1254,0,000096,
2026-08-18 22:10:25,1,7000,49,2511,1,8606,1,9172,6,3336,86,1256,0,000106,
2026-08-18 22:10:55,1,8667,49,2476,1,8605,1,9173,6,3336,86,1257,0,000106,
2026-08-18 22:11:25,1,7667,49,2461,1,8604,1,9174,6,3336,86,1259,0,000106,
2026-08-18 22:11:55,1,7667,49,2447,1,8603,1,9174,6,3336,86,1260,0,000104,
2026-08-18 22:12:25,1,4333,49,2430,1,8603,1,9175,6,3336,86,1262,0,000107,
2026-08-18 22:12:55,1,6732,49,2415,1,8602,1,9175,6,3336,86,1263,0,000107,
2026-08-18 22:13:25,1,4333,49,2399,1,8602,1,9176,6,3336,86,1265,0,000107,
2026-08-18 22:13:55,1,7667,49,2386,1,8601,1,9176,6,3336,86,1266,0,000107,
2026-08-18 22:14:25,1,7000,49,2341,1,8599,1,9178,6,3336,86,1267,0,000107,
2026-08-18 22:14:55,1,7000,49,2379,1,8601,1,9177,6,3336,86,1269,0,000107,
2026-08-18 22:15:25,1,5333,49,2554,1,8607,1,9170,6,3336,86,1271,0,000097,
2026-08-18 22:15:55,1,6667,49,2603,1,8609,1,9168,6,3336,86,1272,0,000097,
2026-08-18 22:16:25,1,5000,49,2589,1,8609,1,9169,6,3336,86,1273,0,000097,
2026-08-18 22:16:55,1,7667,49,2576,1,8608,1,9169,6,3336,86,1275,0,000095,
2026-08-18 22:17:25,1,3667,48,6012,1,8360,1,9417,6,3336,86,1277,0,000097,
2026-08-18 22:17:55,1,7667,48,6252,1,8369,1,9408,6,3336,86,1278,0,000097,
2026-08-18 22:18:25,1,4000,48,6293,1,8371,1,9407,6,3336,86,1279,0,000096,
2026-08-18 22:18:55,1,7000,48,6533,1,8380,1,9398,6,3336,86,1281,0,000096,
2026-08-18 22:19:25,1,7333,48,6520,1,8380,1,9398,6,3336,86,1282,0,000096,
2026-08-18 22:19:55,2,3000,48,6628,1,8384,1,9394,6,3336,86,1284,0,000096,
2026-08-18 22:20:25,1,6667,48,6924,1,8395,1,9383,6,3336,86,1285,0,000096,
2026-08-18 22:20:55,2,3667,49,3994,1,8662,1,9116,6,3336,86,1287,0,000096,
2026-08-18 22:21:25,1,5000,49,3980,1,8661,1,9116,6,3336,86,1288,0,000096,
2026-08-18 22:21:55,2,1333,49,3965,1,8661,1,9117,6,3336,86,1290,0,000093,
2026-08-18 22:22:25,1,4667,49,3945,1,8660,1,9118,6,3336,86,1291,0,000095,
2026-08-18 22:22:55,1,8000,49,3993,1,8662,1,9116,6,3336,86,1293,0,000095,
2026-08-18 22:23:25,1,8667,49,3978,1,8661,1,9116,6,3336,86,1294,0,000095,
2026-08-18 22:23:55,1,9601,49,3965,1,8661,1,9117,6,3336,86,1296,0,000095,
2026-08-18 22:24:25,4,0000,49,3951,1,8660,1,9117,6,3336,86,1297,0,000095,
2026-08-18 22:24:55,5,2667,49,3996,1,8662,1,9116,6,3336,86,1299,0,000095,
2026-08-18 22:25:25,5,2333,49,3981,1,8661,1,9116,6,3336,86,1300,0,000096,
2026-08-18 22:25:55,5,6667,49,4216,1,8670,1,9107,6,3336,86,1302,0,000107,
2026-08-18 22:26:25,3,6333,49,4204,1,8670,1,9108,6,3336,86,1303,0,000107,
2026-08-18 22:26:55,4,2667,49,4189,1,8669,1,9108,6,3336,86,1304,0,000105,
2026-08-18 22:27:25,3,9731,49,4431,1,8678,1,9099,6,3336,86,1306,0,000108,
2026-08-18 22:27:55,4,9000,49,4416,1,8678,1,9100,6,3336,86,1307,0,000108,
2026-08-18 22:28:25,1,2333,49,4595,1,8685,1,9093,6,3336,86,1309,0,000108,
2026-08-18 22:28:55,1,6000,49,4834,1,8694,1,9084,6,3336,86,1310,0,000109,
2026-08-18 22:29:25,1,4000,49,4821,1,8693,1,9084,6,3336,86,1312,0,000109,
2026-08-18 22:29:55,1,5667,49,4804,1,8692,1,9085,6,3336,86,1313,0,000108,
2026-08-18 22:30:25,3,3333,49,3475,1,8642,1,9135,6,3336,86,1317,0,000124,
2026-08-18 22:30:55,1,8601,49,3482,1,8643,1,9135,6,3336,86,1318,0,000113,
2026-08-18 22:31:25,1,7667,49,3464,1,8642,1,9136,6,3336,86,1320,0,000114,
2026-08-18 22:31:55,1,7667,49,3197,1,8632,1,9146,6,3336,86,1321,0,000111,
2026-08-18 22:32:25,1,4333,49,3180,1,8631,1,9146,6,3336,86,1323,0,000113,
2026-08-18 22:32:55,1,9000,49,3165,1,8631,1,9147,6,3336,86,1324,0,000114,
2026-08-18 22:33:25,1,4333,49,3210,1,8632,1,9145,6,3336,86,1326,0,000114,
2026-08-18 22:33:55,1,5667,49,3312,1,8636,1,9141,6,3336,86,1327,0,000114,
2026-08-18 22:34:25,1,4333,49,3298,1,8636,1,9142,6,3336,86,1329,0,000114,
2026-08-18 22:34:55,1,6601,49,3277,1,8635,1,9143,6,3336,86,1330,0,000114,
2026-08-18 22:35:25,1,5333,49,3260,1,8634,1,9143,6,3336,86,1331,0,000098,
2026-08-18 22:35:55,1,6667,49,3261,1,8634,1,9143,6,3336,86,1333,0,000098,
2026-08-18 22:36:25,1,8333,49,3032,1,8626,1,9152,6,3336,86,1335,0,000097,
2026-08-18 22:36:55,1,4667,49,3017,1,8625,1,9153,6,3336,86,1336,0,000095,
2026-08-18 22:37:25,1,4667,49,3112,1,8629,1,9149,6,3336,86,1338,0,000097,
2026-08-18 22:37:55,1,3667,49,3099,1,8628,1,9149,6,3336,86,1339,0,000097,
2026-08-18 22:38:25,1,2333,49,3081,1,8627,1,9150,6,3336,86,1340,0,000096,
2026-08-18 22:38:55,1,4667,49,2884,1,8620,1,9158,6,3336,86,1342,0,000096,
2026-08-18 22:39:25,1,3333,49,2868,1,8619,1,9158,6,3336,86,1343,0,000096,
2026-08-18 22:39:55,1,7000,49,2845,1,8618,1,9159,6,3336,86,1345,0,000096,
2026-08-18 22:40:25,1,4000,49,2892,1,8620,1,9157,6,3336,86,1347,0,000096,
2026-08-18 22:40:55,1,2667,49,2877,1,8620,1,9158,6,3336,86,1348,0,000096,
2026-08-18 22:41:25,1,4667,49,2860,1,8619,1,9159,6,3336,86,1349,0,000107,
2026-08-18 22:41:55,1,3000,49,2841,1,8618,1,9159,6,3336,86,1351,0,000104,
2026-08-18 22:42:25,1,3667,49,2826,1,8618,1,9160,6,3336,86,1352,0,000107,
2026-08-18 22:42:55,1,3333,49,2809,1,8617,1,9160,6,3336,86,1354,0,000107,
2026-08-18 22:43:25,1,5333,49,2792,1,8616,1,9161,6,3336,86,1355,0,000107,
2026-08-18 22:43:55,1,5000,49,2773,1,8616,1,9162,6,3336,86,1357,0,000108,
2026-08-18 22:44:25,1,3667,49,2874,1,8620,1,9158,6,3336,86,1358,0,000108,
2026-08-18 22:44:55,1,3667,49,2859,1,8619,1,9159,6,3336,86,1360,0,000107,
2026-08-18 22:45:25,1,5333,49,2844,1,8618,1,9159,6,3336,86,1361,0,000107,
2026-08-18 22:45:55,1,7000,49,2828,1,8618,1,9160,6,3336,86,1363,0,000097,
2026-08-18 22:46:25,1,4667,49,2795,1,8617,1,9161,6,3336,86,1364,0,000097,
2026-08-18 22:46:55,1,5333,49,2781,1,8616,1,9161,6,3336,86,1366,0,000094,
2026-08-18 22:47:25,1,5333,49,2764,1,8615,1,9162,6,3336,86,1367,0,000097,
2026-08-18 22:47:55,1,3000,49,2746,1,8615,1,9163,6,3336,86,1369,0,000096,
2026-08-18 22:48:25,1,4667,49,2794,1,8617,1,9161,6,3336,86,1370,0,000096,
2026-08-18 22:48:55,1,6000,49,3001,1,8624,1,9153,6,3336,86,1372,0,000096,
2026-08-18 22:49:25,1,6000,49,3367,1,8638,1,9139,6,3336,86,1373,0,000096,
2026-08-18 22:49:55,1,5732,49,3407,1,8640,1,9138,6,3336,86,1375,0,000096,
2026-08-18 22:50:25,1,4333,49,3390,1,8639,1,9138,6,3336,86,1376,0,000096,
2026-08-18 22:50:55,13,8667,49,2944,1,8622,1,9155,6,3336,86,1377,0,000095,
2026-08-18 22:51:25,1,4667,49,3106,1,8628,1,9149,6,3336,86,1379,0,000095,
2026-08-18 22:51:55,1,3732,49,3155,1,8630,1,9147,6,3336,86,1380,0,000093,
2026-08-18 22:52:25,1,5333,49,3013,1,8625,1,9153,6,3336,86,1382,0,000095,
2026-08-18 22:52:55,1,4667,49,3308,1,8636,1,9142,6,3336,86,1383,0,000095,
2026-08-18 22:53:25,1,4333,49,3296,1,8636,1,9142,6,3336,86,1385,0,000095,
2026-08-18 22:53:55,1,6333,49,3278,1,8635,1,9143,6,3336,86,1386,0,000095,
2026-08-18 22:54:25,1,5333,49,3261,1,8634,1,9143,6,3336,86,1388,0,000095,
2026-08-18 22:54:55,1,2667,49,3303,1,8636,1,9142,6,3336,86,1389,0,000095,
2026-08-18 22:55:25,1,3333,49,3289,1,8635,1,9142,6,3336,86,1391,0,000095,
2026-08-18 22:55:55,1,6000,49,3278,1,8635,1,9143,6,3336,86,1392,0,000095,
2026-08-18 22:56:25,1,8333,49,3259,1,8634,1,9143,6,3336,86,1394,0,000106,
2026-08-18 22:56:55,1,3000,49,3242,1,8633,1,9144,6,3336,86,1395,0,000104,
2026-08-18 22:57:25,1,3934,49,3225,1,8633,1,9145,6,3336,86,1397,0,000107,
2026-08-18 22:57:55,1,1667,49,3207,1,8632,1,9145,6,3336,86,1398,0,000107,
2026-08-18 22:58:25,1,3333,49,3190,1,8632,1,9146,6,3336,86,1399,0,000107,
2026-08-18 22:58:55,1,3000,49,3170,1,8631,1,9147,6,3336,86,1401,0,000107,
2026-08-18 22:59:25,1,7333,49,3154,1,8630,1,9147,6,3336,86,1402,0,000107,
2026-08-18 22:59:55,1,5333,49,3134,1,8629,1,9148,6,3336,86,1404,0,000107,
2026-08-18 23:00:25,2,7000,49,3120,1,8629,1,9149,6,3336,86,1406,0,000120,
2026-08-18 23:00:55,1,7667,49,3161,1,8630,1,9147,6,3336,86,1408,0,000120,
2026-08-18 23:01:25,1,7000,49,3145,1,8630,1,9148,6,3336,86,1409,0,000110,
2026-08-18 23:01:55,1,3667,49,3129,1,8629,1,9148,6,3336,86,1411,0,000108,
2026-08-18 23:02:25,1,6667,49,3116,1,8629,1,9149,6,3336,86,1412,0,000111,
2026-08-18 23:02:55,1,5667,49,3157,1,8630,1,9147,6,3336,86,1414,0,000111,
2026-08-18 23:03:25,1,9333,49,3141,1,8630,1,9148,6,3336,86,1415,0,000112,
2026-08-18 23:03:55,1,5000,49,3181,1,8631,1,9146,6,3336,86,1417,0,000111,
2026-08-18 23:04:25,1,9667,49,3166,1,8631,1,9147,6,3336,86,1418,0,000111,
2026-08-18 23:04:55,1,5000,49,3141,1,8630,1,9148,6,3336,86,1420,0,000111,
2026-08-18 23:05:25,1,8000,49,3121,1,8629,1,9149,6,3336,86,1421,0,000098,
2026-08-18 23:05:55,11,6333,49,3818,1,8655,1,9122,6,3336,86,1423,0,000098,
2026-08-18 23:06:25,1,7667,49,4112,1,8666,1,9111,6,3336,86,1424,0,000097,
2026-08-18 23:06:55,1,5667,49,3840,1,8656,1,9121,6,3336,86,1426,0,000095,
2026-08-18 23:07:25,1,5000,49,3885,1,8658,1,9120,6,3336,86,1427,0,000097,
2026-08-18 23:07:55,1,6000,49,3931,1,8660,1,9118,6,3336,86,1429,0,000097,
2026-08-18 23:08:25,1,5667,49,3916,1,8659,1,9119,6,3336,86,1430,0,000096,
2026-08-18 23:08:55,1,3333,49,3898,1,8658,1,9119,6,3336,86,1432,0,000096,
2026-08-18 23:09:25,1,4667,49,3882,1,8658,1,9120,6,3336,86,1433,0,000096,
2026-08-18 23:09:55,1,5000,49,3866,1,8657,1,9121,6,3336,86,1435,0,000096,
2026-08-18 23:10:25,1,6000,49,3912,1,8659,1,9119,6,3336,86,1436,0,000096,
2026-08-18 23:10:55,1,5667,49,3890,1,8658,1,9120,6,3336,86,1438,0,000096,
2026-08-18 23:11:25,1,5333,49,3876,1,8657,1,9120,6,3336,86,1439,0,000096,
2026-08-18 23:11:55,1,6000,49,3860,1,8657,1,9121,6,3336,86,1440,0,000104,
2026-08-18 23:12:25,1,6333,49,3844,1,8656,1,9121,6,3336,86,1442,0,000106,
2026-08-18 23:12:55,1,6333,49,3827,1,8656,1,9122,6,3336,86,1443,0,000107,
2026-08-18 23:13:25,1,6000,49,3812,1,8655,1,9123,6,3336,86,1445,0,000107,
2026-08-18 23:13:55,1,5667,49,3439,1,8641,1,9137,6,3336,86,1446,0,000108,
2026-08-18 23:14:25,1,5667,49,3615,1,8648,1,9130,6,3336,86,1448,0,000108,
2026-08-18 23:14:55,1,4333,49,3849,1,8656,1,9121,6,3336,86,1449,0,000109,
2026-08-18 23:15:25,1,7000,49,4088,1,8665,1,9112,6,3336,86,1451,0,000109,
2026-08-18 23:15:55,1,5667,49,4326,1,8674,1,9103,6,3336,86,1452,0,000109,
2026-08-18 23:16:25,1,6667,49,4311,1,8674,1,9104,6,3336,86,1454,0,000097,
2026-08-18 23:16:55,1,4667,49,4612,1,8685,1,9092,6,3336,86,1455,0,000099,
2026-08-18 23:17:25,1,8065,49,4138,1,8667,1,9110,6,3336,86,1457,0,000101,
2026-08-18 23:17:55,1,5000,49,4186,1,8669,1,9108,6,3336,86,1458,0,000101,
2026-08-18 23:18:25,1,5667,49,4171,1,8669,1,9109,6,3336,86,1460,0,000101,
2026-08-18 23:18:55,1,5934,49,4154,1,8668,1,9110,6,3336,86,1461,0,000101,
2026-08-18 23:19:25,1,5000,49,4267,1,8672,1,9105,6,3336,86,1463,0,000100,
2026-08-18 23:19:55,1,6667,49,4301,1,8673,1,9104,6,3336,86,1464,0,000101,
2026-08-18 23:20:25,1,5667,49,4285,1,8673,1,9105,6,3336,86,1465,0,000101,
2026-08-18 23:20:55,19,0000,49,4175,1,8669,1,9109,6,3336,86,1467,0,000101,
2026-08-18 23:21:25,1,5667,49,4465,1,8680,1,9098,6,3336,86,1468,0,000097,
2026-08-18 23:21:55,1,7000,49,4702,1,8689,1,9089,6,3336,86,1470,0,000105,
2026-08-18 23:22:25,1,7667,49,4878,1,8695,1,9082,6,3336,86,1471,0,000107,
2026-08-18 23:22:55,1,4333,49,4863,1,8695,1,9083,6,3336,86,1473,0,000108,
2026-08-18 23:23:25,1,7000,49,4906,1,8696,1,9081,6,3336,86,1474,0,000108,
2026-08-18 23:23:55,1,5000,49,4954,1,8698,1,9079,6,3336,86,1476,0,000107,
2026-08-18 23:24:25,1,7000,49,4935,1,8697,1,9080,6,3336,86,1477,0,000108,
2026-08-18 23:24:55,1,5333,49,5172,1,8706,1,9071,6,3336,86,1479,0,000108,
2026-08-18 23:25:25,1,8000,49,5347,1,8713,1,9065,6,3336,86,1480,0,000108,
2026-08-18 23:25:55,1,3667,49,5775,1,8729,1,9048,6,3336,86,1482,0,000108,
2026-08-18 23:26:25,1,4333,49,5760,1,8729,1,9049,6,3336,86,1483,0,000108,
2026-08-18 23:26:55,1,5667,49,5805,1,8730,1,9047,6,3336,86,1485,0,000096,
2026-08-18 23:27:25,1,6000,49,5846,1,8732,1,9046,6,3336,86,1486,0,000101,
2026-08-18 23:27:55,1,3667,49,5830,1,8731,1,9046,6,3336,86,1488,0,000101,
2026-08-18 23:28:25,1,7000,49,5813,1,8731,1,9047,6,3336,86,1489,0,000101,
2026-08-18 23:28:55,1,5333,49,5797,1,8730,1,9048,6,3336,86,1491,0,000101,
2026-08-18 23:29:25,1,7000,49,5567,1,8721,1,9056,6,3336,86,1492,0,000101,
2026-08-18 23:29:55,1,4333,49,5548,1,8721,1,9057,6,3336,86,1494,0,000100,
2026-08-18 23:30:25,1,6268,49,4826,1,8693,1,9084,6,3336,86,1495,0,000100,
2026-08-18 23:30:55,1,5000,49,4805,1,8693,1,9085,6,3336,86,1497,0,000113,
2026-08-18 23:31:25,1,5000,49,4790,1,8692,1,9086,6,3336,86,1499,0,000114,
2026-08-18 23:31:55,1,6667,49,4774,1,8691,1,9086,6,3336,86,1501,0,000108,
2026-08-18 23:32:25,1,7000,49,4757,1,8691,1,9087,6,3336,86,1502,0,000121,
2026-08-18 23:32:55,1,6333,49,4805,1,8693,1,9085,6,3336,86,1504,0,000121,
2026-08-18 23:33:25,1,6333,49,1933,1,8584,1,9194,6,3336,86,1505,0,000123,
2026-08-18 23:33:55,1,1667,49,2096,1,8590,1,9187,6,3336,86,1506,0,000122,
2026-08-18 23:34:25,1,2667,49,2079,1,8590,1,9188,6,3336,86,1508,0,000123,
2026-08-18 23:34:55,1,1267,49,2244,1,8596,1,9182,6,3336,86,1509,0,000123,
2026-08-18 23:35:25,1,6066,49,2226,1,8595,1,9182,6,3336,86,1511,0,000111,
2026-08-18 23:35:55,11,3000,48,7860,1,8430,1,9347,6,3336,86,1513,0,000111,
2026-08-18 23:36:25,1,5000,48,7904,1,8432,1,9346,6,3336,86,1514,0,000110,
2026-08-18 23:36:55,1,6000,48,8079,1,8438,1,9339,6,3336,86,1515,0,000109,
2026-08-18 23:37:25,1,5333,48,8060,1,8438,1,9340,6,3336,86,1517,0,000100,
2026-08-18 23:37:55,1,4333,48,8043,1,8437,1,9340,6,3336,86,1518,0,000100,
2026-08-18 23:38:25,1,7667,48,8216,1,8444,1,9334,6,3336,86,1520,0,000098,
2026-08-18 23:38:55,1,4066,48,8319,1,8447,1,9330,6,3336,86,1521,0,000098,
2026-08-18 23:39:25,1,6667,48,8302,1,8447,1,9331,6,3336,86,1523,0,000098,
2026-08-18 23:39:55,1,5601,48,8281,1,8446,1,9332,6,3336,86,1524,0,000098,
2026-08-18 23:40:25,1,6333,48,8264,1,8445,1,9332,6,3336,86,1526,0,000098,
2026-08-18 23:40:55,1,6000,48,8244,1,8445,1,9333,6,3336,86,1527,0,000098,
2026-08-18 23:41:25,1,5333,48,8226,1,8444,1,9334,6,3336,86,1529,0,000098,
2026-08-18 23:41:55,1,5667,48,8399,1,8451,1,9327,6,3336,86,1530,0,000096,
2026-08-18 23:42:25,1,8000,48,8398,1,8450,1,9327,6,3336,86,1532,0,000097,
2026-08-18 23:42:55,1,7333,48,8380,1,8450,1,9328,6,3336,86,1533,0,000097,
2026-08-18 23:43:25,1,7667,48,8365,1,8449,1,9328,6,3336,86,1535,0,000097,
2026-08-18 23:43:55,1,9667,48,8350,1,8449,1,9329,6,3336,86,1536,0,000097,
2026-08-18 23:44:25,1,8000,48,8332,1,8448,1,9330,6,3336,86,1538,0,000097,
2026-08-18 23:44:55,1,8333,48,8696,1,8462,1,9316,6,3336,86,1539,0,000096,
2026-08-18 23:45:25,1,6000,48,8662,1,8460,1,9317,6,3336,86,1541,0,000096,
2026-08-18 23:45:55,1,9333,48,9147,1,8479,1,9299,6,3336,86,1542,0,000096,
2026-08-18 23:46:25,1,3667,48,9128,1,8478,1,9300,6,3336,86,1543,0,000096,
2026-08-18 23:46:55,1,8000,48,9111,1,8477,1,9300,6,3336,86,1545,0,000093,
2026-08-18 23:47:25,1,4601,48,9091,1,8477,1,9301,6,3336,86,1546,0,000095,
2026-08-18 23:47:55,1,7000,48,9043,1,8475,1,9303,6,3336,86,1548,0,000107,
2026-08-18 23:48:25,1,5333,48,9027,1,8474,1,9303,6,3336,86,1549,0,000107,
2026-08-18 23:48:55,1,7667,48,9009,1,8474,1,9304,6,3336,86,1551,0,000107,
2026-08-18 23:49:25,1,5000,48,8993,1,8473,1,9305,6,3336,86,1552,0,000107,
2026-08-18 23:49:55,1,6000,48,8975,1,8472,1,9305,6,3336,86,1554,0,000108,
2026-08-18 23:50:25,1,2333,48,8960,1,8472,1,9306,6,3336,86,1555,0,000107,
2026-08-18 23:50:55,14,1000,49,7171,1,8782,1,8996,6,3336,86,1557,0,000108,
2026-08-18 23:51:25,1,0267,49,5456,1,8717,1,9060,6,3336,86,1558,0,000108,
2026-08-18 23:51:55,1,1399,49,5496,1,8719,1,9059,6,3336,86,1560,0,000106,
2026-08-18 23:52:25,1,0333,49,5474,1,8718,1,9060,6,3336,86,1561,0,000096,
2026-08-18 23:52:55,1,2000,49,5516,1,8719,1,9058,6,3336,86,1563,0,000097,
2026-08-18 23:53:25,1,0000,49,5498,1,8719,1,9059,6,3336,86,1564,0,000097,
2026-08-18 23:53:55,1,1000,49,5483,1,8718,1,9059,6,3336,86,1566,0,000097,
2026-08-18 23:54:25,1,0000,49,5468,1,8718,1,9060,6,3336,86,1567,0,000096,
2026-08-18 23:54:55,1,2000,49,5451,1,8717,1,9061,6,3336,86,1569,0,000096,
2026-08-18 23:55:25,1,0333,49,5370,1,8714,1,9064,6,3336,86,1570,0,000095,
2026-08-18 23:55:55,1,2667,49,5354,1,8713,1,9064,6,3336,86,1572,0,000095,
2026-08-18 23:56:25,1,0000,49,5341,1,8713,1,9065,6,3336,86,1573,0,000096,
2026-08-18 23:56:55,1,2000,49,5325,1,8712,1,9065,6,3336,86,1574,0,000094,
2026-08-18 23:57:25,1,0667,49,5308,1,8712,1,9066,6,3336,86,1576,0,000095,
2026-08-18 23:57:55,1,2000,49,5293,1,8711,1,9067,6,3336,86,1578,0,000095,
2026-08-18 23:58:25,1,0667,49,5278,1,8710,1,9067,6,3336,86,1579,0,000095,
2026-08-18 23:58:55,1,2333,49,5326,1,8712,1,9065,6,3336,86,1580,0,000095,
2026-08-18 23:59:25,1,1333,49,5247,1,8709,1,9068,6,3336,86,1582,0,000095,
2026-08-18 23:59:55,1,2333,49,4970,1,8699,1,9079,6,3336,86,1583,0,000095,
2026-08-19 00:00:25,10,5333,50,6742,1,9143,1,8634,6,2402,86,1129,0,000097,
2026-08-19 00:00:55,1,4000,50,7738,1,9181,1,8596,6,2402,86,1132,0,000110,
2026-08-19 00:01:25,1,1333,50,2016,1,8965,1,8813,6,2402,86,1133,0,000110,
2026-08-19 00:01:55,1,2000,50,2318,1,8976,1,8801,6,2402,86,1134,0,000108,
2026-08-19 00:02:25,1,0333,50,2226,1,8973,1,8805,6,2402,86,1136,0,000111,
2026-08-19 00:02:55,1,3399,50,2208,1,8972,1,8805,6,2402,86,1137,0,000116,
2026-08-19 00:03:25,1,0667,50,1998,1,8964,1,8813,6,2402,86,1139,0,000123,
2026-08-19 00:03:55,1,2667,50,1612,1,8950,1,8828,6,2402,86,1140,0,000123,
2026-08-19 00:04:25,1,0667,50,1519,1,8946,1,8831,6,2402,86,1142,0,000123,
2026-08-19 00:04:55,1,2667,50,1367,1,8940,1,8837,6,2402,86,1143,0,000124,
2026-08-19 00:05:25,1,0066,50,1351,1,8940,1,8838,6,2402,86,1145,0,000109,
2026-08-19 00:05:55,1,1667,50,1336,1,8939,1,8838,6,2402,86,1146,0,000110,
2026-08-19 00:06:25,1,0000,49,4203,1,8670,1,9108,6,2402,86,1148,0,000109,
2026-08-19 00:06:55,1,2333,49,4187,1,8669,1,9108,6,2402,86,1149,0,000107,
2026-08-19 00:07:25,1,0000,49,4391,1,8677,1,9101,6,2402,86,1151,0,000109,
2026-08-19 00:07:55,1,3667,49,4249,1,8672,1,9106,6,2402,86,1152,0,000098,
2026-08-19 00:08:25,1,0333,49,4296,1,8673,1,9104,6,2402,86,1154,0,000119,
2026-08-19 00:08:55,1,2333,49,4590,1,8684,1,9093,6,2402,86,1155,0,000119,
2026-08-19 00:09:25,1,0399,49,4568,1,8684,1,9094,6,2402,86,1157,0,000119,
2026-08-19 00:09:55,1,2732,49,4804,1,8692,1,9085,6,2402,86,1158,0,000119,
2026-08-19 00:10:25,1,0333,49,4469,1,8680,1,9098,6,2402,86,1160,0,000119,
2026-08-19 00:10:55,1,2267,49,4526,1,8682,1,9096,6,2402,86,1161,0,000119,
2026-08-19 00:11:25,1,0667,49,4365,1,8676,1,9102,6,2402,86,1163,0,000120,
2026-08-19 00:11:55,1,5333,49,4607,1,8685,1,9093,6,2402,86,1164,0,000118,
2026-08-19 00:12:25,1,1000,49,4590,1,8684,1,9093,6,2402,86,1165,0,000119,
2026-08-19 00:12:55,1,2667,49,4630,1,8686,1,9092,6,2402,86,1167,0,000097,
2026-08-19 00:13:25,1,6667,49,4611,1,8685,1,9092,6,2402,86,1168,0,000098,
2026-08-19 00:13:55,1,7667,49,4597,1,8685,1,9093,6,2402,86,1170,0,000097,
2026-08-19 00:14:25,1,5667,49,4642,1,8686,1,9091,6,2402,86,1171,0,000097,
2026-08-19 00:14:55,1,8667,49,4620,1,8686,1,9092,6,2402,86,1173,0,000096,
2026-08-19 00:15:25,1,6333,49,4424,1,8678,1,9099,6,2402,86,1174,0,000097,
2026-08-19 00:15:55,1,7667,49,4408,1,8678,1,9100,6,2402,86,1176,0,000096,
2026-08-19 00:16:25,1,6000,49,4770,1,8691,1,9086,6,2402,86,1177,0,000096,
2026-08-19 00:16:55,1,6333,49,5006,1,8700,1,9077,6,2402,86,1179,0,000094,
2026-08-19 00:17:25,1,6667,49,3037,1,8626,1,9152,6,2402,86,1180,0,000096,
2026-08-19 00:17:55,1,4333,49,3202,1,8632,1,9146,6,2402,86,1182,0,000096,
2026-08-19 00:18:25,1,7000,49,3184,1,8631,1,9146,6,2402,86,1183,0,000107,
2026-08-19 00:18:55,1,4333,49,3165,1,8631,1,9147,6,2402,86,1185,0,000107,
2026-08-19 00:19:25,1,4000,49,3150,1,8630,1,9148,6,2402,86,1186,0,000108,
2026-08-19 00:19:55,1,6000,49,3321,1,8636,1,9141,6,2402,86,1188,0,000107,
2026-08-19 00:20:25,1,6000,49,3367,1,8638,1,9139,6,2402,86,1189,0,000107,
2026-08-19 00:20:55,1,6333,49,3350,1,8638,1,9140,6,2402,86,1191,0,000108,
2026-08-19 00:21:25,1,6000,49,5534,1,8720,1,9058,6,2402,86,1192,0,000108,
2026-08-19 00:21:55,1,5667,49,5330,1,8712,1,9065,6,2402,86,1194,0,000106,
2026-08-19 00:22:25,1,5667,49,5313,1,8712,1,9066,6,2402,86,1195,0,000108,
2026-08-19 00:22:55,1,5667,49,5293,1,8711,1,9067,6,2402,86,1197,0,000108,
2026-08-19 00:23:25,1,5667,49,5277,1,8710,1,9067,6,2402,86,1198,0,000100,
2026-08-19 00:23:55,1,5333,49,5258,1,8710,1,9068,6,2402,86,1200,0,000101,
2026-08-19 00:24:25,1,6333,49,5244,1,8709,1,9068,6,2402,86,1201,0,000101,
2026-08-19 00:24:55,1,4667,49,5225,1,8708,1,9069,6,2402,86,1203,0,000100,
2026-08-19 00:25:25,1,5333,49,5204,1,8708,1,9070,6,2402,86,1204,0,000101,
2026-08-19 00:25:55,1,5667,49,5191,1,8707,1,9070,6,2402,86,1206,0,000100,
2026-08-19 00:26:25,1,5399,49,5177,1,8707,1,9071,6,2402,86,1207,0,000100,
2026-08-19 00:26:55,1,4333,49,5351,1,8713,1,9064,6,2402,86,1208,0,000098,
2026-08-19 00:27:25,1,4667,49,5462,1,8717,1,9060,6,2402,86,1210,0,000100,
2026-08-19 00:27:55,1,4667,49,5760,1,8729,1,9049,6,2402,86,1212,0,000100,
2026-08-19 00:28:25,1,5333,49,5745,1,8728,1,9050,6,2402,86,1213,0,000097,
2026-08-19 00:28:55,1,4667,49,5730,1,8727,1,9050,6,2402,86,1214,0,000107,
2026-08-19 00:29:25,1,5667,49,5713,1,8727,1,9051,6,2402,86,1216,0,000107,
2026-08-19 00:29:55,1,4601,49,5952,1,8736,1,9042,6,2402,86,1217,0,000107,
2026-08-19 00:30:25,1,6399,49,6316,1,8750,1,9028,6,2402,86,1219,0,000107,
2026-08-19 00:30:55,1,5000,49,6289,1,8749,1,9029,6,2402,86,1222,0,000141,
2026-08-19 00:31:25,1,3000,49,6271,1,8748,1,9030,6,2402,86,1224,0,000143,
2026-08-19 00:31:55,1,5667,49,6315,1,8750,1,9028,6,2402,86,1225,0,000141,
2026-08-19 00:32:25,1,5667,49,6300,1,8749,1,9029,6,2402,86,1227,0,000144,
2026-08-19 00:32:55,1,5667,49,6287,1,8749,1,9029,6,2402,86,1228,0,000145,
2026-08-19 00:33:25,1,4667,49,6271,1,8748,1,9030,6,2402,86,1230,0,000136,
2026-08-19 00:33:55,1,6000,49,6255,1,8747,1,9030,6,2402,86,1231,0,000137,
2026-08-19 00:34:25,1,4000,49,6240,1,8747,1,9031,6,2402,86,1233,0,000137,
2026-08-19 00:34:55,1,6601,49,6215,1,8746,1,9032,6,2402,86,1234,0,000137,
2026-08-19 00:35:25,1,5934,49,6202,1,8745,1,9032,6,2402,86,1236,0,000103,
2026-08-19 00:35:55,1,6000,49,6187,1,8745,1,9033,6,2402,86,1237,0,000103,
2026-08-19 00:36:25,1,5333,49,4762,1,8691,1,9087,6,2402,86,1239,0,000100,
2026-08-19 00:36:55,1,4399,49,4746,1,8690,1,9087,6,2402,86,1240,0,000097,
2026-08-19 00:37:25,1,5667,49,4765,1,8691,1,9087,6,2402,86,1242,0,000098,
2026-08-19 00:37:55,1,4667,49,4864,1,8695,1,9083,6,2402,86,1243,0,000098,
2026-08-19 00:38:25,1,5333,49,4784,1,8692,1,9086,6,2402,86,1244,0,000095,
2026-08-19 00:38:55,1,0399,49,4898,1,8696,1,9082,6,2402,86,1246,0,000095,
2026-08-19 00:39:25,1,1667,49,4883,1,8695,1,9082,6,2402,86,1247,0,000095,
2026-08-19 00:39:55,1,1667,49,4865,1,8695,1,9083,6,2402,86,1249,0,000095,
2026-08-19 00:40:25,1,2000,49,4849,1,8694,1,9083,6,2402,86,1250,0,000095,
2026-08-19 00:40:55,1,1333,49,4769,1,8691,1,9086,6,2402,86,1252,0,000095,
2026-08-19 00:41:25,1,2000,49,4748,1,8690,1,9087,6,2402,86,1253,0,000095,
2026-08-19 00:41:55,1,1000,49,4737,1,8690,1,9088,6,2402,86,1255,0,000093,
2026-08-19 00:42:25,1,1667,49,4718,1,8689,1,9088,6,2402,86,1256,0,000095,
2026-08-19 00:42:55,1,1000,49,4701,1,8689,1,9089,6,2402,86,1258,0,000095,
2026-08-19 00:43:25,1,0000,49,4750,1,8690,1,9087,6,2402,86,1259,0,000095,
2026-08-19 00:43:55,1,0333,49,4731,1,8690,1,9088,6,2402,86,1261,0,000107,
2026-08-19 00:44:25,1,0667,49,4715,1,8689,1,9088,6,2402,86,1262,0,000107,
2026-08-19 00:44:55,0,9000,49,4697,1,8688,1,9089,6,2402,86,1264,0,000107,
2026-08-19 00:45:25,0,8667,49,4679,1,8688,1,9090,6,2402,86,1265,0,000107,
2026-08-19 00:45:55,1,8000,49,4670,1,8687,1,9090,6,2402,86,1267,0,000108,
2026-08-19 00:46:25,0,9667,49,4650,1,8687,1,9091,6,2402,86,1268,0,000107,
2026-08-19 00:46:55,0,9000,49,4630,1,8686,1,9092,6,2402,86,1270,0,000106,
2026-08-19 00:47:25,0,9333,49,3766,1,8653,1,9124,6,2402,86,1271,0,000108,
2026-08-19 00:47:55,0,8667,49,3806,1,8655,1,9123,6,2402,86,1273,0,000108,
2026-08-19 00:48:25,0,9667,49,3791,1,8654,1,9123,6,2402,86,1274,0,000108,
2026-08-19 00:48:55,0,9667,49,3774,1,8654,1,9124,6,2402,86,1275,0,000099,
2026-08-19 00:49:25,0,9333,49,3758,1,8653,1,9125,6,2402,86,1277,0,000101,
2026-08-19 00:49:55,0,9667,49,3740,1,8652,1,9125,6,2402,86,1279,0,000102,
2026-08-19 00:50:25,1,0333,49,3726,1,8652,1,9126,6,2402,86,1280,0,000101,
2026-08-19 00:50:55,1,0667,49,3713,1,8651,1,9126,6,2402,86,1282,0,000101,
2026-08-19 00:51:25,1,1000,49,5201,1,8707,1,9070,6,2402,86,1283,0,000101,
2026-08-19 00:51:55,1,2066,49,5120,1,8704,1,9073,6,2402,86,1284,0,000098,
2026-08-19 00:52:25,1,1333,49,5101,1,8704,1,9074,6,2402,86,1286,0,000101,
2026-08-19 00:52:55,1,0667,49,5083,1,8703,1,9075,6,2402,86,1287,0,000100,
2026-08-19 00:53:25,1,2333,49,5069,1,8703,1,9075,6,2402,86,1289,0,000100,
2026-08-19 00:53:55,1,1667,49,5051,1,8702,1,9076,6,2402,86,1290,0,000097,
2026-08-19 00:54:25,1,5667,49,5034,1,8701,1,9076,6,2402,86,1292,0,000108,
2026-08-19 00:54:55,1,1333,49,5012,1,8700,1,9077,6,2402,86,1293,0,000107,
2026-08-19 00:55:25,1,5000,49,4997,1,8700,1,9078,6,2402,86,1295,0,000108,
2026-08-19 00:55:55,1,1733,49,4979,1,8699,1,9078,6,2402,86,1296,0,000107,
2026-08-19 00:56:25,1,4000,49,4961,1,8698,1,9079,6,2402,86,1298,0,000108,
2026-08-19 00:56:55,1,1333,49,4946,1,8698,1,9080,6,2402,86,1299,0,000106,
2026-08-19 00:57:25,1,3667,49,4928,1,8697,1,9080,6,2402,86,1301,0,000108,
2026-08-19 00:57:55,1,1667,49,4967,1,8699,1,9079,6,2402,86,1302,0,000109,
2026-08-19 00:58:25,1,4268,49,4952,1,8698,1,9079,6,2402,86,1304,0,000109,
2026-08-19 00:58:55,1,1333,49,4935,1,8697,1,9080,6,2402,86,1305,0,000108,
2026-08-19 00:59:25,1,4000,49,4919,1,8697,1,9081,6,2402,86,1307,0,000097,
2026-08-19 00:59:55,1,2000,49,4899,1,8696,1,9081,6,2402,86,1308,0,000097,
2026-08-19 01:00:25,1,4667,49,4886,1,8696,1,9082,6,2402,86,1309,0,000097,
2026-08-19 01:00:55,1,1000,49,4924,1,8697,1,9081,6,2402,86,1311,0,000109,
2026-08-19 01:01:25,1,3934,49,4906,1,8696,1,9081,6,2402,86,1313,0,000109,
2026-08-19 01:01:55,1,2333,49,4887,1,8696,1,9082,6,2402,86,1314,0,000107,
2026-08-19 01:02:25,1,4000,49,4870,1,8695,1,9083,6,2402,86,1316,0,000110,
2026-08-19 01:02:55,1,1000,49,4856,1,8694,1,9083,6,2402,86,1317,0,000109,
2026-08-19 01:03:25,1,4000,49,5021,1,8701,1,9077,6,2402,86,1319,0,000111,
2026-08-19 01:03:55,1,2333,49,5001,1,8700,1,9078,6,2402,86,1320,0,000111,
2026-08-19 01:04:25,1,4333,49,5050,1,8702,1,9076,6,2402,86,1321,0,000111,
2026-08-19 01:04:55,1,1667,49,5026,1,8701,1,9077,6,2402,86,1323,0,000111,
2026-08-19 01:05:25,1,4333,49,5074,1,8703,1,9075,6,2402,86,1324,0,000098,
2026-08-19 01:05:55,1,2667,49,5060,1,8702,1,9075,6,2402,86,1326,0,000098,
2026-08-19 01:06:25,7,8000,49,5661,1,8725,1,9053,6,2402,86,1328,0,000097,
2026-08-19 01:06:55,1,0667,49,5570,1,8721,1,9056,6,2402,86,1329,0,000095,
2026-08-19 01:07:25,1,4000,49,5747,1,8728,1,9049,6,2402,86,1330,0,000097,
2026-08-19 01:07:55,1,0667,49,5732,1,8728,1,9050,6,2402,86,1332,0,000097,
2026-08-19 01:08:25,1,3667,49,5771,1,8729,1,9049,6,2402,86,1333,0,000096,
2026-08-19 01:08:55,1,1333,49,5755,1,8728,1,9049,6,2402,86,1335,0,000096,
2026-08-19 01:09:25,1,4333,49,5795,1,8730,1,9048,6,2402,86,1336,0,000096,
2026-08-19 01:09:55,1,1399,49,5774,1,8729,1,9048,6,2402,86,1338,0,000107,
2026-08-19 01:10:25,1,3667,49,5757,1,8728,1,9049,6,2402,86,1339,0,000107,
2026-08-19 01:10:55,1,0667,49,5740,1,8728,1,9050,6,2402,86,1341,0,000107,
2026-08-19 01:11:25,1,4667,49,5725,1,8727,1,9050,6,2402,86,1342,0,000107,
2026-08-19 01:11:55,1,1333,49,5708,1,8727,1,9051,6,2402,86,1344,0,000105,
2026-08-19 01:12:25,1,3667,49,5690,1,8726,1,9052,6,2402,86,1345,0,000108,
2026-08-19 01:12:55,1,2000,49,5673,1,8725,1,9052,6,2402,86,1347,0,000108,
2026-08-19 01:13:25,1,3667,49,5659,1,8725,1,9053,6,2402,86,1348,0,000108,
2026-08-19 01:13:55,1,1333,49,5642,1,8724,1,9053,6,2402,86,1350,0,000107,
2026-08-19 01:14:25,1,4333,49,5628,1,8724,1,9054,6,2402,86,1351,0,000096,
2026-08-19 01:14:55,1,1333,49,5606,1,8723,1,9055,6,2402,86,1353,0,000101,
2026-08-19 01:15:25,1,4667,49,5591,1,8722,1,9055,6,2402,86,1354,0,000100,
2026-08-19 01:15:55,1,2000,49,5576,1,8722,1,9056,6,2402,86,1356,0,000101,
2026-08-19 01:16:25,1,4000,49,5559,1,8721,1,9057,6,2402,86,1357,0,000100,
2026-08-19 01:16:55,1,1667,49,5543,1,8720,1,9057,6,2402,86,1359,0,000099,
2026-08-19 01:17:25,1,4333,48,9355,1,8487,1,9291,6,2402,86,1360,0,000100,
2026-08-19 01:17:55,1,1333,48,9464,1,8491,1,9287,6,2402,86,1362,0,000100,
2026-08-19 01:18:25,1,4066,48,8896,1,8469,1,9308,6,2402,86,1363,0,000100,
2026-08-19 01:18:55,1,1000,48,9062,1,8476,1,9302,6,2402,86,1365,0,000100,
2026-08-19 01:19:25,1,4000,48,9111,1,8477,1,9300,6,2402,86,1366,0,000097,
2026-08-19 01:19:55,1,2333,48,9469,1,8491,1,9287,6,2402,86,1368,0,000107,
2026-08-19 01:20:25,1,3667,48,9646,1,8498,1,9280,6,2402,86,1369,0,000106,
2026-08-19 01:20:55,1,2000,48,9875,1,8506,1,9271,6,2402,86,1370,0,000107,
2026-08-19 01:21:25,11,1000,49,6249,1,8747,1,9030,6,2402,86,1372,0,000107,
2026-08-19 01:21:55,1,0667,49,6416,1,8753,1,9024,6,2402,86,1373,0,000105,
2026-08-19 01:22:25,1,4000,49,6842,1,8769,1,9008,6,2402,86,1375,0,000107,
2026-08-19 01:22:55,1,1000,49,6885,1,8771,1,9006,6,2402,86,1376,0,000109,
2026-08-19 01:23:25,1,5000,49,6688,1,8764,1,9014,6,2402,86,1378,0,000108,
2026-08-19 01:23:55,1,2000,49,6671,1,8763,1,9015,6,2402,86,1379,0,000109,
2026-08-19 01:24:25,1,4667,49,6651,1,8762,1,9015,6,2402,86,1381,0,000109,
2026-08-19 01:24:55,1,2333,49,6633,1,8762,1,9016,6,2402,86,1382,0,000099,
2026-08-19 01:25:25,1,4667,49,6617,1,8761,1,9017,6,2402,86,1384,0,000099,
2026-08-19 01:25:55,1,1333,49,6602,1,8760,1,9017,6,2402,86,1385,0,000098,
2026-08-19 01:26:25,1,4333,49,6586,1,8760,1,9018,6,2402,86,1387,0,000098,
2026-08-19 01:26:55,1,1333,49,6572,1,8759,1,9018,6,2402,86,1388,0,000096,
2026-08-19 01:27:25,1,5333,49,6874,1,8771,1,9007,6,2402,86,1390,0,000098,
2026-08-19 01:27:55,1,2267,49,6859,1,8770,1,9007,6,2402,86,1391,0,000097,
2026-08-19 01:28:25,1,5000,49,6847,1,8770,1,9008,6,2402,86,1393,0,000097,
2026-08-19 01:28:55,1,1601,49,6897,1,8772,1,9006,6,2402,86,1394,0,000097,
2026-08-19 01:29:25,1,4000,49,6096,1,8741,1,9036,6,2402,86,1395,0,000097,
2026-08-19 01:29:55,1,1333,49,6076,1,8741,1,9037,6,2402,86,1397,0,000096,
2026-08-19 01:30:25,1,4000,49,5890,1,8734,1,9044,6,2402,86,1398,0,000096,
2026-08-19 01:30:55,1,0333,49,6123,1,8742,1,9035,6,2402,86,1401,0,000109,
2026-08-19 01:31:25,1,1333,49,6103,1,8742,1,9036,6,2402,86,1402,0,000109,
2026-08-19 01:31:55,1,1667,49,6084,1,8741,1,9037,6,2402,86,1404,0,000107,
2026-08-19 01:32:25,1,1601,49,6070,1,8740,1,9037,6,2402,86,1405,0,000109,
2026-08-19 01:32:55,1,1333,49,6244,1,8747,1,9031,6,2402,86,1407,0,000110,
2026-08-19 01:33:25,1,2333,49,6194,1,8745,1,9033,6,2402,86,1408,0,000111,
2026-08-19 01:33:55,1,1333,49,6173,1,8744,1,9033,6,2402,86,1410,0,000111,
2026-08-19 01:34:25,1,1934,49,6161,1,8744,1,9034,6,2402,86,1411,0,000110,
2026-08-19 01:34:55,1,0333,49,6140,1,8743,1,9035,6,2402,86,1413,0,000111,
2026-08-19 01:35:25,1,3000,49,6120,1,8742,1,9035,6,2402,86,1414,0,000109,
2026-08-19 01:35:55,1,1667,49,6105,1,8742,1,9036,6,2402,86,1416,0,000109,
2026-08-19 01:36:25,10,9333,49,6639,1,8762,1,9016,6,2402,86,1417,0,000109,
2026-08-19 01:36:55,1,1667,49,6489,1,8756,1,9021,6,2402,86,1419,0,000106,
2026-08-19 01:37:25,1,1667,49,6473,1,8756,1,9022,6,2402,86,1420,0,000108,
2026-08-19 01:37:55,1,1333,49,6455,1,8755,1,9023,6,2402,86,1422,0,000108,
2026-08-19 01:38:25,1,0667,49,6494,1,8756,1,9021,6,2402,86,1423,0,000108,
2026-08-19 01:38:55,1,1000,49,6475,1,8756,1,9022,6,2402,86,1424,0,000108,
2026-08-19 01:39:25,1,2333,49,6514,1,8757,1,9020,6,2402,86,1426,0,000108,
2026-08-19 01:39:55,1,1000,49,6497,1,8756,1,9021,6,2402,86,1428,0,000108,
2026-08-19 01:40:25,1,1667,49,6480,1,8756,1,9022,6,2402,86,1429,0,000100,
2026-08-19 01:40:55,1,1934,49,6718,1,8765,1,9013,6,2402,86,1431,0,000100,
2026-08-19 01:41:25,1,2333,49,6701,1,8764,1,9013,6,2402,86,1432,0,000100,
2026-08-19 01:41:55,1,1667,49,6683,1,8763,1,9014,6,2402,86,1434,0,000099,
2026-08-19 01:42:25,1,2000,49,6723,1,8765,1,9013,6,2402,86,1435,0,000100,
2026-08-19 01:42:55,1,1733,49,6763,1,8766,1,9011,6,2402,86,1436,0,000100,
2026-08-19 01:43:25,1,1667,49,6749,1,8766,1,9012,6,2402,86,1438,0,000100,
2026-08-19 01:43:55,1,2000,49,6786,1,8767,1,9010,6,2402,86,1439,0,000100,
2026-08-19 01:44:25,1,2000,49,6766,1,8767,1,9011,6,2402,86,1441,0,000100,
2026-08-19 01:44:55,1,1667,49,6743,1,8766,1,9012,6,2402,86,1442,0,000100,
2026-08-19 01:45:25,1,2667,49,6724,1,8765,1,9013,6,2402,86,1444,0,000096,
2026-08-19 01:45:55,7,0667,50,0313,1,8901,1,8877,6,2402,86,1447,0,001046,
2026-08-19 01:46:25,1,2333,50,0296,1,8900,1,8878,6,2402,86,1449,0,001045,
2026-08-19 01:46:55,1,1667,50,0277,1,8899,1,8878,6,2402,86,1450,0,001043,
2026-08-19 01:47:25,1,1733,50,0257,1,8899,1,8879,6,2402,86,1452,0,001046,
2026-08-19 01:47:55,1,1333,50,0304,1,8900,1,8877,6,2402,86,1453,0,001046,
2026-08-19 01:48:25,1,2333,50,0286,1,8900,1,8878,6,2402,86,1455,0,001046,
2026-08-19 01:48:55,1,0667,50,0270,1,8899,1,8879,6,2402,86,1456,0,001046,
2026-08-19 01:49:25,1,1333,50,0233,1,8898,1,8880,6,2402,86,1458,0,001047,
2026-08-19 01:49:55,1,1000,50,0214,1,8897,1,8881,6,2402,86,1459,0,001047,
2026-08-19 01:50:25,1,1667,50,0193,1,8896,1,8881,6,2402,86,1461,0,001035,
2026-08-19 01:50:55,1,1667,50,0236,1,8898,1,8880,6,2402,86,1462,0,000097,
2026-08-19 01:51:25,11,5000,50,1393,1,8941,1,8836,6,2402,86,1464,0,000097,
2026-08-19 01:51:55,1,1000,50,1682,1,8952,1,8825,6,2402,86,1465,0,000094,
2026-08-19 01:52:25,1,2000,50,1666,1,8952,1,8826,6,2402,86,1466,0,000096,
2026-08-19 01:52:55,1,1333,50,1650,1,8951,1,8826,6,2402,86,1468,0,000096,
2026-08-19 01:53:25,1,1667,50,1635,1,8951,1,8827,6,2402,86,1469,0,000095,
2026-08-19 01:53:55,1,1601,50,1547,1,8947,1,8830,6,2402,86,1471,0,000096,
2026-08-19 01:54:25,1,2000,50,1528,1,8946,1,8831,6,2402,86,1472,0,000096,
2026-08-19 01:54:55,1,1333,50,1507,1,8946,1,8832,6,2402,86,1474,0,000096,
2026-08-19 01:55:25,1,2333,50,1490,1,8945,1,8832,6,2402,86,1475,0,000095,
2026-08-19 01:55:55,1,2333,50,1844,1,8958,1,8819,6,2402,86,1477,0,000095,
2026-08-19 01:56:25,1,2333,50,1763,1,8955,1,8822,6,2402,86,1478,0,000095,
2026-08-19 01:56:55,1,1000,50,1748,1,8955,1,8823,6,2402,86,1480,0,000093,
2026-08-19 01:57:25,1,0667,50,1733,1,8954,1,8823,6,2402,86,1481,0,000095,
2026-08-19 01:57:55,1,1333,50,1719,1,8954,1,8824,6,2402,86,1483,0,000096,
2026-08-19 01:58:25,1,1667,50,1702,1,8953,1,8824,6,2402,86,1484,0,000096,
2026-08-19 01:58:55,1,1333,50,1740,1,8955,1,8823,6,2402,86,1486,0,000096,
2026-08-19 01:59:25,1,1333,50,1722,1,8954,1,8824,6,2402,86,1487,0,000096,
2026-08-19 01:59:55,1,2000,50,1760,1,8955,1,8822,6,2402,86,1489,0,000096,
2026-08-19 02:00:25,1,4333,50,8324,1,9203,1,8574,6,2402,86,1612,0,000096,
2026-08-19 02:00:55,1,2667,50,8681,1,9217,1,8561,6,2402,86,1615,0,000120,
2026-08-19 02:01:25,1,1667,50,8718,1,9218,1,8559,6,2402,86,1616,0,000119,
2026-08-19 02:01:55,1,1667,50,9082,1,9232,1,8546,6,2402,86,1618,0,000118,
2026-08-19 02:02:25,1,2333,50,3881,1,9035,1,8742,6,2402,86,1619,0,000121,
2026-08-19 02:02:55,1,1333,50,3860,1,9035,1,8743,6,2402,86,1621,0,000122,
2026-08-19 02:03:25,1,3268,50,3842,1,9034,1,8744,6,2402,86,1622,0,000123,
2026-08-19 02:03:55,1,2000,50,3823,1,9033,1,8744,6,2402,86,1624,0,000123,
2026-08-19 02:04:25,1,2667,50,3809,1,9033,1,8745,6,2402,86,1625,0,000123,
2026-08-19 02:04:55,1,2000,50,3786,1,9032,1,8746,6,2402,86,1627,0,000123,
2026-08-19 02:05:25,1,2000,50,3766,1,9031,1,8746,6,2402,86,1628,0,000110,
2026-08-19 02:05:55,1,2000,50,3752,1,9031,1,8747,6,2402,86,1630,0,000101,
2026-08-19 02:06:25,10,8333,50,2782,1,8994,1,8784,6,2402,86,1631,0,000103,
2026-08-19 02:06:55,1,2000,50,3015,1,9003,1,8775,6,2402,86,1632,0,000101,
2026-08-19 02:07:25,1,1667,50,3255,1,9012,1,8766,6,2402,86,1634,0,000102,
2026-08-19 02:07:55,1,1000,50,3300,1,9013,1,8764,6,2402,86,1636,0,000101,
2026-08-19 02:08:25,1,2000,50,3094,1,9006,1,8772,6,2402,86,1637,0,000100,
2026-08-19 02:08:55,1,2000,50,3204,1,9010,1,8768,6,2402,86,1638,0,000100,
2026-08-19 02:09:25,1,1667,50,3191,1,9009,1,8768,6,2402,86,1640,0,000100,
2026-08-19 02:09:55,1,1667,50,3173,1,9009,1,8769,6,2402,86,1641,0,000100,
2026-08-19 02:10:25,1,2333,50,3155,1,9008,1,8770,6,2402,86,1643,0,000100,
2026-08-19 02:10:55,1,1333,50,3139,1,9007,1,8770,6,2402,86,1645,0,000097,
2026-08-19 02:11:25,1,3333,50,3124,1,9007,1,8771,6,2402,86,1646,0,000108,
2026-08-19 02:11:55,1,1333,50,3224,1,9011,1,8767,6,2402,86,1647,0,000105,
2026-08-19 02:12:25,1,2000,50,3209,1,9010,1,8768,6,2402,86,1649,0,000108,
2026-08-19 02:12:55,1,1333,50,3192,1,9009,1,8768,6,2402,86,1650,0,000108,
2026-08-19 02:13:25,1,1667,50,3234,1,9011,1,8767,6,2402,86,1652,0,000108,
2026-08-19 02:13:55,1,1667,50,3218,1,9010,1,8767,6,2402,86,1653,0,000108,
2026-08-19 02:14:25,1,3000,50,3198,1,9010,1,8768,6,2402,86,1655,0,000109,
2026-08-19 02:14:55,1,2333,50,3245,1,9011,1,8766,6,2402,86,1656,0,000109,
2026-08-19 02:15:25,1,2667,50,3228,1,9011,1,8767,6,2402,86,1658,0,000109,
2026-08-19 02:15:55,1,1667,50,3215,1,9010,1,8767,6,2402,86,1659,0,000108,
2026-08-19 02:16:25,1,2667,50,3258,1,9012,1,8766,6,2402,86,1661,0,000097,
2026-08-19 02:16:55,1,1333,50,3241,1,9011,1,8766,6,2402,86,1662,0,000094,
2026-08-19 02:17:25,1,2000,50,1447,1,8943,1,8834,6,2402,86,1664,0,000097,
2026-08-19 02:17:55,1,0667,50,1747,1,8955,1,8823,6,2402,86,1665,0,000097,
2026-08-19 02:18:25,1,2333,50,1916,1,8961,1,8816,6,2402,86,1667,0,000096,
2026-08-19 02:18:55,1,1667,50,1900,1,8961,1,8817,6,2402,86,1668,0,000096,
2026-08-19 02:19:25,1,2000,50,2005,1,8965,1,8813,6,2402,86,1670,0,000096,
2026-08-19 02:19:55,1,1667,50,2052,1,8966,1,8811,6,2402,86,1671,0,000096,
2026-08-19 02:20:25,1,2000,50,2103,1,8968,1,8809,6,2402,86,1673,0,000096,
2026-08-19 02:20:55,1,2399,50,2086,1,8968,1,8810,6,2402,86,1674,0,000096,
2026-08-19 02:21:25,10,2333,52,1266,1,9692,1,8085,6,2402,86,1676,0,000095,
2026-08-19 02:21:55,1,1667,51,1186,1,9311,1,8466,6,2402,86,1677,0,000093,
2026-08-19 02:22:25,1,2399,51,1040,1,9306,1,8472,6,2402,86,1678,0,000095,
2026-08-19 02:22:55,1,2000,51,1024,1,9305,1,8472,6,2402,86,1680,0,000095,
2026-08-19 02:23:25,1,1667,51,1068,1,9307,1,8471,6,2402,86,1681,0,000095,
2026-08-19 02:23:55,1,1333,51,1054,1,9306,1,8471,6,2402,86,1683,0,000095,
2026-08-19 02:24:25,1,2667,51,1043,1,9306,1,8472,6,2402,86,1684,0,000095,
2026-08-19 02:24:55,1,1333,51,1027,1,9305,1,8472,6,2402,86,1686,0,000095,
2026-08-19 02:25:25,1,2000,51,1009,1,9305,1,8473,6,2402,86,1687,0,000095,
2026-08-19 02:25:55,1,1333,51,0995,1,9304,1,8473,6,2402,86,1689,0,000095,
2026-08-19 02:26:25,1,2333,51,1038,1,9306,1,8472,6,2402,86,1690,0,000095,
2026-08-19 02:26:55,1,2000,51,1027,1,9305,1,8472,6,2402,86,1692,0,000103,
2026-08-19 02:27:25,1,2333,50,9058,1,9231,1,8547,6,2402,86,1693,0,000110,
2026-08-19 02:27:55,1,1000,50,8979,1,9228,1,8550,6,2402,86,1695,0,000110,
2026-08-19 02:28:25,1,2333,50,8772,1,9220,1,8557,6,2402,86,1696,0,000110,
2026-08-19 02:28:55,1,1333,50,8756,1,9220,1,8558,6,2402,86,1698,0,000111,
2026-08-19 02:29:25,1,2000,50,8743,1,9219,1,8559,6,2402,86,1699,0,000112,
2026-08-19 02:29:55,1,1333,50,8662,1,9216,1,8562,6,2402,86,1701,0,000112,
2026-08-19 02:30:25,1,2333,50,8647,1,9215,1,8562,6,2402,86,1702,0,000112,
2026-08-19 02:30:55,1,1333,50,8625,1,9215,1,8563,6,2402,86,1706,0,000126,
2026-08-19 02:31:25,1,2000,50,8610,1,9214,1,8563,6,2402,86,1707,0,000116,
2026-08-19 02:31:55,1,4333,50,8591,1,9213,1,8564,6,2402,86,1709,0,000111,
2026-08-19 02:32:25,1,2333,50,8575,1,9213,1,8565,6,2402,86,1710,0,000113,
2026-08-19 02:32:55,1,3333,50,8564,1,9212,1,8565,6,2402,86,1712,0,000113,
2026-08-19 02:33:25,1,2667,50,8553,1,9212,1,8566,6,2402,86,1713,0,000114,
2026-08-19 02:33:55,1,3333,50,8542,1,9211,1,8566,6,2402,86,1715,0,000114,
2026-08-19 02:34:25,1,2000,50,8529,1,9211,1,8567,6,2402,86,1716,0,000114,
2026-08-19 02:34:55,1,3333,50,8509,1,9210,1,8567,6,2402,86,1718,0,000113,
2026-08-19 02:35:25,1,1333,50,8499,1,9210,1,8568,6,2402,86,1719,0,000098,
2026-08-19 02:35:55,1,4333,50,8487,1,9209,1,8568,6,2402,86,1721,0,000098,
2026-08-19 02:36:25,2,6333,50,8915,1,9226,1,8552,6,2402,86,1722,0,000097,
2026-08-19 02:36:55,1,3934,50,2999,1,9002,1,8775,6,2402,86,1723,0,000095,
2026-08-19 02:37:25,1,2333,50,2988,1,9002,1,8776,6,2402,86,1725,0,000097,
2026-08-19 02:37:55,1,3399,50,3034,1,9003,1,8774,6,2402,86,1727,0,000097,
2026-08-19 02:38:25,1,2333,50,3086,1,9005,1,8772,6,2402,86,1728,0,000096,
2026-08-19 02:38:55,1,3000,50,3133,1,9007,1,8770,6,2402,86,1730,0,000095,
2026-08-19 02:39:25,1,2000,50,3122,1,9007,1,8771,6,2402,86,1731,0,000096,
2026-08-19 02:39:55,1,4000,50,3106,1,9006,1,8771,6,2402,86,1733,0,000096,
2026-08-19 02:40:25,1,1667,50,3093,1,9006,1,8772,6,2402,86,1734,0,000096,
2026-08-19 02:40:55,1,3333,50,3333,1,9015,1,8763,6,2402,86,1735,0,000096,
2026-08-19 02:41:25,1,1333,50,3259,1,9012,1,8766,6,2402,86,1737,0,000096,
2026-08-19 02:41:55,1,4667,50,3439,1,9019,1,8759,6,2402,86,1738,0,000104,
2026-08-19 02:42:25,1,1667,50,3315,1,9014,1,8764,6,2402,86,1740,0,000107,
2026-08-19 02:42:55,1,3667,50,3418,1,9018,1,8760,6,2402,86,1741,0,000107,
2026-08-19 02:43:25,1,2667,50,3277,1,9013,1,8765,6,2402,86,1743,0,000107,
2026-08-19 02:43:55,1,3601,50,3267,1,9012,1,8765,6,2402,86,1744,0,000108,
2026-08-19 02:44:25,1,2667,50,3254,1,9012,1,8766,6,2402,86,1746,0,000108,
2026-08-19 02:44:55,1,3667,50,3239,1,9011,1,8766,6,2402,86,1747,0,000108,
2026-08-19 02:45:25,1,2333,50,3226,1,9011,1,8767,6,2402,86,1749,0,000108,
2026-08-19 02:45:55,1,3667,49,7415,1,8791,1,8986,6,2402,86,1750,0,000108,
2026-08-19 02:46:25,1,2000,49,7400,1,8791,1,8987,6,2402,86,1752,0,000108,
2026-08-19 02:46:55,1,4333,49,7445,1,8792,1,8985,6,2402,86,1753,0,000097,
2026-08-19 02:47:25,1,3000,49,7432,1,8792,1,8986,6,2402,86,1755,0,000101,
2026-08-19 02:47:55,16,8000,50,9206,1,9237,1,8541,6,2402,86,1759,0,000102,
2026-08-19 02:48:25,4,3333,50,8874,1,9224,1,8554,6,2168,86,1758,0,000102,
2026-08-19 02:48:55,1,6667,50,8922,1,9226,1,8552,6,2168,86,1759,0,000101,
2026-08-19 02:49:25,95,1333,50,8911,1,9225,1,8552,6,2168,86,1761,0,000101,
2026-08-19 02:49:55,95,1000,50,8897,1,9225,1,8553,6,2168,86,1762,0,000101,
2026-08-19 02:50:25,95,1337,50,8883,1,9224,1,8553,6,2168,86,1764,0,000101,
2026-08-19 02:50:55,95,0663,50,8872,1,9224,1,8554,6,2168,86,1765,0,000101,
2026-08-19 02:51:25,95,1333,50,8859,1,9223,1,8554,6,2168,86,1767,0,000101,
2026-08-19 02:51:55,8,6000,51,1163,1,9310,1,8467,6,2168,86,1768,0,000094,
2026-08-19 02:52:25,1,3667,51,1151,1,9310,1,8468,6,2168,86,1770,0,000108,
2026-08-19 08:29:19,0,0000,0,0000,0,0000,0,0000,0,0000,0,0000,0,000000,
2026-08-19 08:29:20,0,0000,0,0000,0,0000,0,0000,0,0000,0,0000,0,000000,
2026-08-19 08:29:20,0,0000,0,0000,0,0000,0,0000,0,0000,0,0000,0,000000,
2026-08-19 08:29:21,0,0000,0,0000,0,0000,0,0000,0,0000,88,7364,0,000000,
2026-08-19 08:29:21,0,0000,53,7818,2,0317,1,7460,6,2168,88,7364,0,000000,
2026-08-19 08:29:22,0,0000,53,7818,2,0317,1,7460,6,2168,88,7364,0,000000,
2026-08-19 08:29:22,0,0000,53,7818,2,0317,1,7460,6,2168,88,7364,0,000000,
2026-08-19 08:29:22,0,0000,53,7818,2,0317,1,7460,6,2168,88,7364,0,000000,
2026-08-19 08:29:22,0,0000,53,7818,2,0317,1,7460,6,2168,88,7364,0,000000,
2026-08-19 08:29:22,0,0000,53,7818,2,0317,1,7460,6,2168,88,7364,0,000000,
2026-08-19 08:29:22,0,0000,53,7818,2,0317,1,7460,6,2168,88,7364,0,000000,
2026-08-19 08:29:22,0,0000,53,7818,2,0317,1,7460,6,2168,88,7364,0,000000,
2026-08-19 08:29:23,0,0000,53,7818,2,0317,1,7460,6,2168,88,7364,0,000000,
2026-08-19 08:29:23,0,0000,53,7818,2,0317,1,7460,6,2168,88,7364,0,000000,
2026-08-19 08:29:24,0,0000,53,7818,2,0317,1,7460,6,2168,88,7364,0,000000,
2026-08-19 08:29:24,0,0000,53,7818,2,0317,1,7460,6,2168,88,7364,0,000000,
2026-08-19 08:29:24,0,0000,53,7818,2,0317,1,7460,6,2168,88,7364,0,000000,
2026-08-19 08:29:24,0,0000,53,7818,2,0317,1,7460,6,2168,88,7364,0,000000,
2026-08-19 08:29:24,0,0000,53,7818,2,0317,1,7460,6,2168,88,7364,0,000000,
2026-08-19 08:29:25,0,0000,53,7818,2,0317,1,7460,6,2168,88,7364,0,000000,
2026-08-19 08:29:25,0,0000,53,7818,2,0317,1,7460,6,2168,88,7364,0,000000,
2026-08-19 08:29:26,0,0000,53,7818,2,0317,1,7460,6,2168,88,7364,0,000000,
2026-08-19 08:29:26,0,0000,53,7818,2,0317,1,7460,6,2168,88,7364,0,000000,
2026-08-19 08:29:26,0,0000,53,7818,2,0317,1,7460,6,2168,88,7364,0,000000,
2026-08-19 08:29:26,0,0000,53,7818,2,0317,1,7460,6,2168,88,7364,0,000000,
2026-08-19 08:29:26,0,0000,53,7818,2,0317,1,7460,6,2168,88,7364,0,000000,
2026-08-19 08:29:26,0,0000,53,7818,2,0317,1,7460,6,2168,88,7364,0,000000,
2026-08-19 08:29:26,0,0000,53,7818,2,0317,1,7460,6,2168,88,7364,0,000000,
2026-08-19 08:29:26,0,0000,53,7818,2,0317,1,7460,6,2168,88,7364,0,000000,
2026-08-19 08:29:26,0,0000,53,7818,2,0317,1,7460,6,2168,88,7364,0,000000,
2026-08-19 08:29:26,0,0000,53,7818,2,0317,1,7460,6,2168,88,7364,0,000000,
2026-08-19 08:29:27,0,0000,53,7818,2,0317,1,7460,6,2168,88,7364,0,000000,
2026-08-19 08:29:27,0,0000,53,7818,2,0317,1,7460,6,2168,88,7364,0,000000,
2026-08-19 08:29:27,0,0000,53,7818,2,0317,1,7460,6,2168,88,7364,0,000000,
2026-08-19 08:29:27,0,0000,53,7818,2,0317,1,7460,6,2168,88,7364,0,000000,
2026-08-19 08:29:27,0,0000,53,7818,2,0317,1,7460,6,2168,88,7364,0,000000,
2026-08-19 08:29:27,0,0000,53,7818,2,0317,1,7460,6,2168,88,7364,0,000000,
2026-08-19 08:29:27,0,0000,53,7818,2,0317,1,7460,6,2168,88,7364,0,000000,
2026-08-19 08:29:27,0,0000,53,7818,2,0317,1,7460,6,2168,88,7364,0,000000,
2026-08-19 08:29:27,0,0000,53,7818,2,0317,1,7460,6,2168,88,7364,0,000000,
2026-08-19 08:29:27,0,0000,53,7818,2,0317,1,7460,6,2168,88,7364,0,000000,
2026-08-19 08:29:27,0,0000,53,7818,2,0317,1,7460,6,2168,88,7364,0,000000,
2026-08-19 08:29:27,0,0000,53,7818,2,0317,1,7460,6,2168,88,7364,0,000000,
2026-08-19 08:29:27,0,0000,53,7818,2,0317,1,7460,6,2168,88,7364,0,000000,
2026-08-19 08:29:27,0,0000,53,7818,2,0317,1,7460,6,2168,88,7364,0,000000,
2026-08-19 08:29:28,0,0000,53,7818,2,0317,1,7460,6,2168,88,7364,0,000000,
2026-08-19 08:29:28,0,0000,53,7818,2,0317,1,7460,6,2168,88,7364,0,000000,
2026-08-19 08:29:28,0,0000,53,7818,2,0317,1,7460,6,2168,88,7364,0,000000,
2026-08-19 08:29:28,0,0000,53,7818,2,0317,1,7460,6,2168,88,7364,0,000000,
2026-08-19 08:29:28,0,0000,53,7818,2,0317,1,7460,6,2168,88,7364,0,000000,
2026-08-19 08:29:28,0,0000,53,7818,2,0317,1,7460,6,2168,88,7364,0,000000,
2026-08-19 08:29:28,0,0000,53,7818,2,0317,1,7460,6,2168,88,7364,0,000000,
2026-08-19 08:29:28,0,0000,53,7818,2,0317,1,7460,6,2168,88,7364,0,000000,
2026-08-19 08:29:28,0,0000,53,7818,2,0317,1,7460,6,2168,88,7364,0,000000,
2026-08-19 08:29:28,0,0000,53,7818,2,0317,1,7460,6,2168,88,7364,0,000000,
2026-08-19 08:29:28,0,0000,53,7818,2,0317,1,7460,6,2168,88,7364,0,000000,
2026-08-19 08:29:28,0,0000,53,7818,2,0317,1,7460,6,2168,88,7364,0,000000,
2026-08-19 08:29:28,0,0000,53,7818,2,0317,1,7460,6,2168,88,7364,0,000000,
2026-08-19 08:29:28,0,0000,53,7818,2,0317,1,7460,6,2168,88,7364,0,000000,
2026-08-19 08:29:28,0,0000,53,7818,2,0317,1,7460,6,2168,88,7364,0,000000,
2026-08-19 08:29:29,0,0000,53,7818,2,0317,1,7460,6,2168,88,7364,0,000000,
2026-08-19 08:29:29,0,0000,53,7818,2,0317,1,7460,6,2168,88,7364,0,000000,
2026-08-19 08:29:29,0,0000,53,7818,2,0317,1,7460,6,2168,88,7364,0,000000,
2026-08-19 08:29:29,0,0000,53,7818,2,0317,1,7460,6,2168,88,7364,0,000000,
2026-08-19 08:29:29,0,0000,53,7818,2,0317,1,7460,6,2168,88,7364,0,000000,
2026-08-19 08:29:29,0,0000,53,7818,2,0317,1,7460,6,2168,88,7364,0,000000,
2026-08-19 08:29:29,0,0000,53,7818,2,0317,1,7460,6,2168,88,7364,0,000000,
2026-08-19 08:29:29,0,0000,53,7818,2,0317,1,7460,6,2168,88,7364,0,000000,
2026-08-19 08:29:29,0,0000,53,7818,2,0317,1,7460,6,2168,88,7364,0,000000,
2026-08-19 08:29:29,0,0000,53,7818,2,0317,1,7460,6,2168,88,7364,0,000000,
2026-08-19 08:29:29,0,0000,53,7818,2,0317,1,7460,6,2168,88,7364,0,000000,
2026-08-19 08:29:29,0,0000,53,7818,2,0317,1,7460,6,2168,88,7364,0,000000,
2026-08-19 08:29:29,0,0000,53,7818,2,0317,1,7460,6,2168,88,7364,0,000000,
2026-08-19 08:29:29,0,0000,53,7818,2,0317,1,7460,6,2168,88,7364,0,000000,
2026-08-19 08:29:29,0,0000,53,7818,2,0317,1,7460,6,2168,88,7364,0,000000,
2026-08-19 08:29:29,0,0000,53,7818,2,0317,1,7460,6,2168,88,7364,0,000000,
2026-08-19 08:29:30,0,0000,53,7818,2,0317,1,7460,6,2168,88,7364,0,000000,
2026-08-19 08:29:30,0,0000,53,7818,2,0317,1,7460,6,2168,88,7364,0,000000,
2026-08-19 08:29:30,0,0000,53,7818,2,0317,1,7460,6,2168,88,7364,0,000000,
2026-08-19 08:29:30,0,0000,53,7818,2,0317,1,7460,6,2168,88,7364,0,000000,
2026-08-19 08:29:30,0,0000,53,7818,2,0317,1,7460,6,2168,88,7364,0,000000,
2026-08-19 08:29:30,0,0000,53,7818,2,0317,1,7460,6,2168,88,7364,0,000000,
2026-08-19 08:29:30,0,0000,53,7818,2,0317,1,7460,6,2168,88,7364,0,000000,
2026-08-19 08:29:30,0,0000,53,7818,2,0317,1,7460,6,2168,88,7364,0,000000,
2026-08-19 08:29:30,0,0000,53,7818,2,0317,1,7460,6,2168,88,7364,0,000000,
2026-08-19 08:29:30,0,0000,53,7818,2,0317,1,7460,6,2168,88,7364,0,000000,
2026-08-19 08:29:30,0,0000,53,7818,2,0317,1,7460,6,2168,88,7364,0,000000,
2026-08-19 08:29:30,0,0000,53,7818,2,0317,1,7460,6,2168,88,7364,0,000000,
2026-08-19 08:29:30,0,0000,53,7818,2,0317,1,7460,6,2168,88,7364,0,000000,
2026-08-19 08:29:30,0,0000,53,7818,2,0317,1,7460,6,2168,88,7364,0,000000,
2026-08-19 08:29:30,0,0000,53,7818,2,0317,1,7460,6,2168,88,7364,0,000000,
2026-08-19 08:29:30,0,0000,53,7818,2,0317,1,7460,6,2168,88,7364,0,000000,
2026-08-19 08:29:30,0,0000,53,7818,2,0317,1,7460,6,2168,88,7364,0,000000,
2026-08-19 08:29:30,0,0000,53,7818,2,0317,1,7460,6,2168,88,7364,0,000000,
2026-08-19 08:29:31,0,0000,53,7818,2,0317,1,7460,6,2168,88,7364,0,000000,
2026-08-19 08:29:31,0,0000,53,7818,2,0317,1,7460,6,2168,88,7364,0,000000,
2026-08-19 08:29:31,0,0000,53,7818,2,0317,1,7460,6,2168,88,7364,0,000000,
2026-08-19 08:29:31,0,0000,53,7818,2,0317,1,7460,6,2168,88,7364,0,000000,
2026-08-19 08:29:31,0,0000,53,7818,2,0317,1,7460,6,2168,88,7364,0,000000,
2026-08-19 08:29:31,0,0000,53,7818,2,0317,1,7460,6,2168,88,7364,0,000000,
2026-08-19 08:29:31,0,0000,53,7818,2,0317,1,7460,6,2168,88,7364,0,000000,
2026-08-19 08:29:31,0,0000,53,7818,2,0317,1,7460,6,2168,88,7364,0,000000,
2026-08-19 08:29:31,0,0000,53,7818,2,0317,1,7460,6,2168,88,7364,0,000000,
2026-08-19 08:29:31,0,0000,53,7818,2,0317,1,7460,6,2168,88,7364,0,000000,
2026-08-19 08:29:31,0,0000,53,7818,2,0317,1,7460,6,2168,88,7364,0,000000,
2026-08-19 08:29:31,0,0000,53,7818,2,0317,1,7460,6,2168,88,7364,0,000000,
2026-08-19 08:29:31,0,0000,53,7818,2,0317,1,7460,6,2168,88,7364,0,000000,
2026-08-19 08:29:31,0,0000,53,7818,2,0317,1,7460,6,2168,88,7364,0,000000,
2026-08-19 08:29:31,0,0000,53,7818,2,0317,1,7460,6,2168,88,7364,0,000000,
2026-08-19 08:29:31,0,0000,53,7818,2,0317,1,7460,6,2168,88,7364,0,000000,
2026-08-19 08:29:31,0,0000,53,7818,2,0317,1,7460,6,2168,88,7364,0,000000,
2026-08-19 08:29:31,0,0000,53,7818,2,0317,1,7460,6,2168,88,7364,0,000000,
2026-08-19 08:29:31,0,0000,53,7818,2,0317,1,7460,6,2168,88,7364,0,000000,
2026-08-19 08:29:31,0,0000,53,7818,2,0317,1,7460,6,2168,88,7364,0,000000,
2026-08-19 08:29:32,0,0000,53,7818,2,0317,1,7460,6,2168,88,7364,0,000000,
2026-08-19 08:29:32,0,0000,53,7818,2,0317,1,7460,6,2168,88,7364,0,000000,
2026-08-19 08:29:32,0,0000,53,7818,2,0317,1,7460,6,2168,88,7364,0,000000,
2026-08-19 08:29:32,0,0000,53,7818,2,0317,1,7460,6,2168,88,7364,0,000000,
2026-08-19 08:29:32,0,0000,53,7818,2,0317,1,7460,6,2168,88,7364,0,000000,
2026-08-19 08:29:32,0,0000,53,7818,2,0317,1,7460,6,2168,88,7364,0,000000,
2026-08-19 08:29:32,0,0000,53,7818,2,0317,1,7460,6,2168,88,7364,0,000000,
2026-08-19 08:29:32,0,0000,53,7818,2,0317,1,7460,6,2168,88,7364,0,000000,
2026-08-19 08:29:32,0,0000,53,7818,2,0317,1,7460,6,2168,88,7364,0,000000,
2026-08-19 08:29:32,0,0000,53,7818,2,0317,1,7460,6,2168,88,7364,0,000000,
2026-08-19 08:29:32,0,0000,53,7818,2,0317,1,7460,6,2168,88,7364,0,000000,
2026-08-19 08:29:32,0,0000,53,7818,2,0317,1,7460,6,2168,88,7364,0,000000,
2026-08-19 08:29:32,0,0000,53,7818,2,0317,1,7460,6,2168,88,7364,0,000000,
2026-08-19 08:29:32,0,0000,53,7818,2,0317,1,7460,6,2168,88,7364,0,000000,
2026-08-19 08:29:32,0,0000,53,7818,2,0317,1,7460,6,2168,88,7364,0,000000,
2026-08-19 08:29:32,0,0000,53,7818,2,0317,1,7460,6,2168,88,7364,0,000000,
2026-08-19 08:29:33,0,0000,53,7818,2,0317,1,7460,6,2168,88,7364,0,000000,
2026-08-19 08:29:33,0,0000,53,7818,2,0317,1,7460,6,2168,88,7364,0,000000,
2026-08-19 08:29:33,0,0000,53,7818,2,0317,1,7460,6,2168,88,7364,0,000000,
2026-08-19 08:29:33,0,0000,53,7818,2,0317,1,7460,6,2168,88,7364,0,000000,
2026-08-19 08:29:33,0,0000,53,7818,2,0317,1,7460,6,2168,88,7364,0,000000,
2026-08-19 08:29:33,0,0000,53,7818,2,0317,1,7460,6,2168,88,7364,0,000000,
2026-08-19 08:29:33,0,0000,53,7818,2,0317,1,7460,6,2168,88,7364,0,000000,
2026-08-19 08:29:33,0,0000,53,7818,2,0317,1,7460,6,2168,88,7364,0,000000,
2026-08-19 08:29:33,0,0000,53,7818,2,0317,1,7460,6,2168,88,7364,0,000000,
2026-08-19 08:29:33,0,0000,53,7818,2,0317,1,7460,6,2168,88,7364,0,000000,
2026-08-19 08:29:33,0,0000,53,7818,2,0317,1,7460,6,2168,88,7364,0,000000,
2026-08-19 08:29:33,0,0000,53,7818,2,0317,1,7460,6,2168,88,7364,0,000000,
2026-08-19 08:29:33,0,0000,53,7818,2,0317,1,7460,6,2168,88,7364,0,000000,
2026-08-19 08:29:33,0,0000,53,7818,2,0317,1,7460,6,2168,88,7364,0,000000,
2026-08-19 08:29:33,0,0000,53,7818,2,0317,1,7460,6,2168,88,7364,0,000000,
2026-08-19 08:29:33,0,0000,53,7818,2,0317,1,7460,6,2168,88,7364,0,000000,
2026-08-19 08:29:33,0,0000,53,7818,2,0317,1,7460,6,2168,88,7364,0,000000,
2026-08-19 08:29:34,0,0000,53,7818,2,0317,1,7460,6,2168,88,7364,0,000000,
2026-08-19 08:29:34,0,0000,53,7818,2,0317,1,7460,6,2168,88,7364,0,000000,
2026-08-19 08:29:34,0,0000,53,7818,2,0317,1,7460,6,2168,88,7364,0,000000,
2026-08-19 08:29:34,0,0000,53,7818,2,0317,1,7460,6,2168,88,7364,0,000000,
2026-08-19 08:29:34,0,0000,53,7818,2,0317,1,7460,6,2168,88,7364,0,000000,
2026-08-19 08:29:34,0,0000,53,7818,2,0317,1,7460,6,2168,88,7364,0,000000,
2026-08-19 08:29:34,0,0000,53,7818,2,0317,1,7460,6,2168,88,7364,0,000000,
2026-08-19 08:29:34,0,0000,53,7818,2,0317,1,7460,6,2168,88,7364,0,000000,
2026-08-19 08:29:34,0,0000,53,7818,2,0317,1,7460,6,2168,88,7364,0,000000,
2026-08-19 08:29:35,0,0000,53,7818,2,0317,1,7460,6,2168,88,7364,0,000000,
2026-08-19 08:29:35,0,0000,53,7818,2,0317,1,7460,6,2168,88,7364,0,000000,
2026-08-19 08:29:35,0,0000,53,7818,2,0317,1,7460,6,2168,88,7364,0,000000,
2026-08-19 08:29:35,0,0000,53,7818,2,0317,1,7460,6,2168,88,7364,0,000000,
2026-08-19 08:29:35,0,0000,53,7818,2,0317,1,7460,6,2168,88,7364,0,000000,
2026-08-19 08:29:35,0,0000,53,7818,2,0317,1,7460,6,2168,88,7364,0,000000,
2026-08-19 08:29:35,0,0000,53,7818,2,0317,1,7460,6,2168,88,7364,0,000000,
2026-08-19 08:29:35,0,0000,53,7818,2,0317,1,7460,6,2168,88,7364,0,000000,
2026-08-19 08:29:35,0,0000,53,7818,2,0317,1,7460,6,2168,88,7364,0,000000,
2026-08-19 08:29:35,18,6039,52,5004,1,9833,1,7944,6,2168,86,0782,0,002136,
2026-08-19 08:29:35,18,6039,52,5004,1,9833,1,7944,6,2168,86,0782,0,002143,
2026-08-19 08:29:35,18,6039,52,5004,1,9833,1,7944,6,2168,86,0782,0,002151,
2026-08-19 08:29:35,18,6039,52,5004,1,9833,1,7944,6,2168,86,0782,0,002157,
2026-08-19 08:29:36,18,6039,52,5004,1,9833,1,7944,6,2168,86,0782,0,002164,
2026-08-19 08:29:36,18,6039,52,5004,1,9833,1,7944,6,2168,86,0782,0,002170,
2026-08-19 08:29:36,18,6039,52,5004,1,9833,1,7944,6,2168,86,0782,0,002176,
2026-08-19 08:29:36,18,6039,52,5004,1,9833,1,7944,6,2168,86,0782,0,002181,
2026-08-19 08:29:36,18,6039,52,5004,1,9833,1,7944,6,2168,86,0782,0,002185,
2026-08-19 08:29:36,18,6039,52,5004,1,9833,1,7944,6,2168,86,0782,0,002190,
2026-08-19 08:29:36,18,6039,52,5004,1,9833,1,7944,6,2168,86,0782,0,002194,
2026-08-19 08:29:36,18,6039,52,5004,1,9833,1,7944,6,2168,86,0782,0,002198,
2026-08-19 08:29:36,18,6039,52,5004,1,9833,1,7944,6,2168,86,0782,0,002203,
2026-08-19 08:29:36,18,6039,52,5004,1,9833,1,7944,6,2168,86,0782,0,002207,
2026-08-19 08:29:36,18,6039,52,5004,1,9833,1,7944,6,2168,86,0782,0,002212,
2026-08-19 08:29:36,18,6039,52,5004,1,9833,1,7944,6,2168,86,0782,0,002216,
2026-08-19 08:29:36,18,6039,52,5004,1,9833,1,7944,6,2168,86,0782,0,002220,
2026-08-19 08:29:36,18,6039,52,5004,1,9833,1,7944,6,2168,86,0782,0,002225,
2026-08-19 08:29:36,18,6039,52,5004,1,9833,1,7944,6,2168,86,0782,0,002230,
2026-08-19 08:29:36,18,6039,52,5004,1,9833,1,7944,6,2168,86,0782,0,002234,
2026-08-19 08:29:36,18,6039,52,5004,1,9833,1,7944,6,2168,86,0782,0,002238,
2026-08-19 08:29:36,18,6039,52,5004,1,9833,1,7944,6,2168,86,0782,0,002243,
2026-08-19 08:29:36,18,6039,52,5004,1,9833,1,7944,6,2168,86,0782,0,002247,
2026-08-19 08:29:36,18,6039,52,5004,1,9833,1,7944,6,2168,86,0782,0,002250,
2026-08-19 08:29:37,18,6039,52,5004,1,9833,1,7944,6,2168,86,0782,0,002255,
2026-08-19 08:29:37,18,6039,52,5004,1,9833,1,7944,6,2168,86,0782,0,002261,
2026-08-19 08:29:37,18,6039,52,5004,1,9833,1,7944,6,2168,86,0782,0,002265,
2026-08-19 08:29:37,18,6039,52,5004,1,9833,1,7944,6,2168,86,0782,0,002270,
2026-08-19 08:29:37,18,6039,52,5004,1,9833,1,7944,6,2168,86,0782,0,002275,
2026-08-19 08:29:37,18,6039,52,5004,1,9833,1,7944,6,2168,86,0782,0,002279,
2026-08-19 08:29:37,18,6039,52,5004,1,9833,1,7944,6,2168,86,0782,0,002283,
2026-08-19 08:29:37,18,6039,52,5004,1,9833,1,7944,6,2168,86,0782,0,002288,
2026-08-19 08:29:37,18,6039,52,5004,1,9833,1,7944,6,2168,86,0782,0,002293,
2026-08-19 08:29:37,18,6039,52,5004,1,9833,1,7944,6,2168,86,0782,0,002297,
2026-08-19 08:29:37,18,6039,52,5004,1,9833,1,7944,6,2168,86,0782,0,002302,
2026-08-19 08:29:37,18,6039,52,5004,1,9833,1,7944,6,2168,86,0782,0,002306,
2026-08-19 08:29:37,18,6039,52,5004,1,9833,1,7944,6,2168,86,0782,0,002311,
2026-08-19 08:29:37,18,6039,52,5004,1,9833,1,7944,6,2168,86,0782,0,002315,
2026-08-19 08:29:37,18,6039,52,5004,1,9833,1,7944,6,2168,86,0782,0,002320,
2026-08-19 08:29:37,18,6039,52,5004,1,9833,1,7944,6,2168,86,0782,0,002325,
2026-08-19 08:29:37,18,6039,52,5004,1,9833,1,7944,6,2168,86,0782,0,002331,
2026-08-19 08:29:37,18,6039,52,5004,1,9833,1,7944,6,2168,86,0782,0,002335,
2026-08-19 08:29:37,18,6039,52,5004,1,9833,1,7944,6,2168,86,0782,0,002340,
2026-08-19 08:29:37,18,6039,52,5004,1,9833,1,7944,6,2168,86,0782,0,002344,
2026-08-19 08:29:37,18,6039,52,5004,1,9833,1,7944,6,2168,86,0782,0,002349,
2026-08-19 08:29:38,18,6039,52,5004,1,9833,1,7944,6,2168,86,0782,0,002353,
2026-08-19 08:29:38,18,6039,52,5004,1,9833,1,7944,6,2168,86,0782,0,002357,
2026-08-19 08:29:38,18,6039,52,5004,1,9833,1,7944,6,2168,86,0782,0,002361,
2026-08-19 08:29:38,18,6039,52,5004,1,9833,1,7944,6,2168,86,0782,0,002367,
2026-08-19 08:29:38,18,6039,52,5004,1,9833,1,7944,6,2168,86,0782,0,002371,
2026-08-19 08:29:38,18,6039,52,5004,1,9833,1,7944,6,2168,86,0782,0,002375,
2026-08-19 08:29:38,18,6039,52,5004,1,9833,1,7944,6,2168,86,0782,0,002380,
2026-08-19 08:29:38,18,6039,52,5004,1,9833,1,7944,6,2168,86,0782,0,002384,
2026-08-19 08:29:38,18,6039,52,5004,1,9833,1,7944,6,2168,86,0782,0,002389,
2026-08-19 08:29:38,18,6039,52,5004,1,9833,1,7944,6,2168,86,0782,0,002394,
2026-08-19 08:29:38,18,6039,52,5004,1,9833,1,7944,6,2168,86,0782,0,002400,
2026-08-19 08:29:38,18,6039,52,5004,1,9833,1,7944,6,2168,86,0782,0,002404,
2026-08-19 08:29:38,18,6039,52,5004,1,9833,1,7944,6,2168,86,0782,0,002409,
2026-08-19 08:29:38,18,6039,52,5004,1,9833,1,7944,6,2168,86,0782,0,002413,
2026-08-19 08:29:38,18,6039,52,5004,1,9833,1,7944,6,2168,86,0782,0,002418,
2026-08-19 08:29:38,18,6039,52,5004,1,9833,1,7944,6,2168,86,0782,0,002422,
2026-08-19 08:29:38,18,6039,52,5004,1,9833,1,7944,6,2168,86,0782,0,002427,
2026-08-19 08:29:38,18,6039,52,5004,1,9833,1,7944,6,2168,86,0782,0,002431,
2026-08-19 08:29:38,18,6039,52,5004,1,9833,1,7944,6,2168,86,0782,0,002436,
2026-08-19 08:29:38,18,6039,52,5004,1,9833,1,7944,6,2168,86,0782,0,002440,
2026-08-19 08:29:38,18,6039,52,5004,1,9833,1,7944,6,2168,86,0782,0,002445,
2026-08-19 08:29:39,18,6039,52,5004,1,9833,1,7944,6,2168,86,0782,0,002449,
2026-08-19 08:29:39,18,6039,52,5004,1,9833,1,7944,6,2168,86,0782,0,002454,
2026-08-19 08:29:39,18,6039,52,5004,1,9833,1,7944,6,2168,86,0782,0,002459,
2026-08-19 08:29:39,18,6039,52,5004,1,9833,1,7944,6,2168,86,0782,0,002463,
2026-08-19 08:29:39,18,6039,52,5004,1,9833,1,7944,6,2168,86,0782,0,002467,
2026-08-19 08:29:39,18,6039,52,5004,1,9833,1,7944,6,2168,86,0782,0,002471,
2026-08-19 08:29:39,18,6039,52,5004,1,9833,1,7944,6,2168,86,0782,0,002476,
2026-08-19 08:29:39,18,6039,52,5004,1,9833,1,7944,6,2168,86,0782,0,002480,
2026-08-19 08:29:39,18,6039,52,5004,1,9833,1,7944,6,2168,86,0782,0,002484,
2026-08-19 08:29:39,18,6039,52,5004,1,9833,1,7944,6,2168,86,0782,0,002489,
2026-08-19 08:29:39,18,6039,52,5004,1,9833,1,7944,6,2168,86,0782,0,002493,
2026-08-19 08:29:39,18,6039,52,5004,1,9833,1,7944,6,2168,86,0782,0,002498,
2026-08-19 08:29:39,18,6039,52,5004,1,9833,1,7944,6,2168,86,0782,0,002502,
2026-08-19 08:29:39,18,6039,52,5004,1,9833,1,7944,6,2168,86,0782,0,002507,
2026-08-19 08:29:39,18,6039,52,5004,1,9833,1,7944,6,2168,86,0782,0,002511,
2026-08-19 08:29:39,18,6039,52,5004,1,9833,1,7944,6,2168,86,0782,0,002516,
2026-08-19 08:29:39,18,6039,52,5004,1,9833,1,7944,6,2168,86,0782,0,002520,
2026-08-19 08:29:39,18,6039,52,5004,1,9833,1,7944,6,2168,86,0782,0,002524,
2026-08-19 08:29:39,18,6039,52,5004,1,9833,1,7944,6,2168,86,0782,0,002528,
2026-08-19 08:29:39,18,6039,52,5004,1,9833,1,7944,6,2168,86,0782,0,002533,
2026-08-19 08:29:39,18,6039,52,5004,1,9833,1,7944,6,2168,86,0782,0,002537,
2026-08-19 08:29:40,18,6039,52,5004,1,9833,1,7944,6,2168,86,0782,0,002542,
2026-08-19 08:29:40,18,6039,52,5004,1,9833,1,7944,6,2168,86,0782,0,002547,
2026-08-19 08:29:40,18,6039,52,5004,1,9833,1,7944,6,2168,86,0782,0,002552,
2026-08-19 08:29:40,18,6039,52,5004,1,9833,1,7944,6,2168,86,0782,0,002556,
2026-08-19 08:29:40,18,6039,52,5004,1,9833,1,7944,6,2168,86,0782,0,002560,
2026-08-19 08:29:40,18,6039,52,5004,1,9833,1,7944,6,2168,86,0782,0,002565,
2026-08-19 08:29:40,18,6039,52,5004,1,9833,1,7944,6,2168,86,0782,0,002569,
2026-08-19 08:29:40,18,6039,52,5004,1,9833,1,7944,6,2168,86,0782,0,002573,
2026-08-19 08:29:40,18,6039,52,5004,1,9833,1,7944,6,2168,86,0782,0,002577,
2026-08-19 08:29:40,18,6039,52,5004,1,9833,1,7944,6,2168,86,0782,0,002582,
2026-08-19 08:29:40,18,6039,52,5004,1,9833,1,7944,6,2168,86,0782,0,002586,
2026-08-19 08:29:40,18,6039,52,5004,1,9833,1,7944,6,2168,86,0782,0,002591,
2026-08-19 08:29:40,18,6039,52,5004,1,9833,1,7944,6,2168,86,0782,0,002595,
2026-08-19 08:29:40,18,6039,52,5004,1,9833,1,7944,6,2168,86,0782,0,002599,
2026-08-19 08:29:40,18,6039,52,5004,1,9833,1,7944,6,2168,86,0782,0,002603,
2026-08-19 08:29:40,18,6039,52,5004,1,9833,1,7944,6,2168,86,0782,0,002608,
2026-08-19 08:29:40,18,6039,52,5004,1,9833,1,7944,6,2168,86,0782,0,002612,
2026-08-19 08:29:40,18,6039,52,5004,1,9833,1,7944,6,2168,86,0782,0,002616,
2026-08-19 08:29:40,18,6039,52,5004,1,9833,1,7944,6,2168,86,0782,0,002621,
2026-08-19 08:29:40,18,6039,52,5004,1,9833,1,7944,6,2168,86,0782,0,002625,
2026-08-19 08:29:40,18,6039,52,5004,1,9833,1,7944,6,2168,86,0782,0,002630,
2026-08-19 08:29:40,18,6039,52,5004,1,9833,1,7944,6,2168,86,0782,0,002634,
2026-08-19 08:29:41,18,6039,52,5004,1,9833,1,7944,6,2168,86,0782,0,002639,
2026-08-19 08:29:41,18,6039,52,5004,1,9833,1,7944,6,2168,86,0782,0,002643,
2026-08-19 08:29:41,18,6039,52,5004,1,9833,1,7944,6,2168,86,0782,0,002646,
2026-08-19 08:29:41,18,6039,52,5004,1,9833,1,7944,6,2168,86,0782,0,002649,
2026-08-19 08:29:41,18,6039,52,5004,1,9833,1,7944,6,2168,86,0782,0,002654,
2026-08-19 08:29:41,18,6039,52,5004,1,9833,1,7944,6,2168,86,0782,0,002658,
2026-08-19 08:29:41,18,6039,52,5004,1,9833,1,7944,6,2168,86,0782,0,002662,
2026-08-19 08:29:41,18,6039,52,5004,1,9833,1,7944,6,2168,86,0782,0,002667,
2026-08-19 08:29:41,18,6039,52,5004,1,9833,1,7944,6,2168,86,0782,0,002670,
2026-08-19 08:29:41,18,6039,52,5004,1,9833,1,7944,6,2168,86,0782,0,002674,
2026-08-19 08:29:41,18,6039,52,5004,1,9833,1,7944,6,2168,86,0782,0,002677,
2026-08-19 08:29:41,18,6039,52,5004,1,9833,1,7944,6,2168,86,0782,0,002682,
2026-08-19 08:29:41,18,6039,52,5004,1,9833,1,7944,6,2168,86,0782,0,002686,
2026-08-19 08:29:41,18,6039,52,5004,1,9833,1,7944,6,2168,86,0782,0,002691,
2026-08-19 08:29:41,18,6039,52,5004,1,9833,1,7944,6,2168,86,0782,0,002695,
2026-08-19 08:29:41,18,6039,52,5004,1,9833,1,7944,6,2168,86,0782,0,002698,
2026-08-19 08:29:41,18,6039,52,5004,1,9833,1,7944,6,2168,86,0782,0,002703,
2026-08-19 08:29:41,18,6039,52,5004,1,9833,1,7944,6,2168,86,0782,0,002707,
2026-08-19 08:29:41,18,6039,52,5004,1,9833,1,7944,6,2168,86,0782,0,002712,
2026-08-19 08:29:41,18,6039,52,5004,1,9833,1,7944,6,2168,86,0782,0,002716,
2026-08-19 08:29:41,18,6039,52,5004,1,9833,1,7944,6,2168,86,0782,0,002721,
2026-08-19 08:29:41,18,6039,52,5004,1,9833,1,7944,6,2168,86,0782,0,002726,
2026-08-19 08:29:41,18,6039,52,5004,1,9833,1,7944,6,2168,86,0782,0,002730,
2026-08-19 08:29:42,18,6039,52,5004,1,9833,1,7944,6,2168,86,0782,0,002735,
2026-08-19 08:29:42,18,6039,52,5004,1,9833,1,7944,6,2168,86,0782,0,002739,
2026-08-19 08:29:42,18,6039,52,5004,1,9833,1,7944,6,2168,86,0782,0,002744,
2026-08-19 08:29:42,18,6039,52,5004,1,9833,1,7944,6,2168,86,0782,0,002748,
2026-08-19 08:29:42,18,6039,52,5004,1,9833,1,7944,6,2168,86,0782,0,002753,
2026-08-19 08:29:42,18,6039,52,5004,1,9833,1,7944,6,2168,86,0782,0,002757,
2026-08-19 08:29:42,18,6039,52,5004,1,9833,1,7944,6,2168,86,0782,0,002762,
2026-08-19 08:29:42,18,6039,52,5004,1,9833,1,7944,6,2168,86,0782,0,002766,
2026-08-19 08:29:42,18,6039,52,5004,1,9833,1,7944,6,2168,86,0782,0,002771,
2026-08-19 08:29:42,18,6039,52,5004,1,9833,1,7944,6,2168,86,0782,0,002776,
2026-08-19 08:29:42,18,6039,52,5004,1,9833,1,7944,6,2168,86,0782,0,002780,
2026-08-19 08:29:42,18,6039,52,5004,1,9833,1,7944,6,2168,86,0782,0,002784,
2026-08-19 08:29:42,18,6039,52,5004,1,9833,1,7944,6,2168,86,0782,0,002789,
2026-08-19 08:29:42,18,6039,52,5004,1,9833,1,7944,6,2168,86,0782,0,002793,
2026-08-19 08:29:42,18,6039,52,5004,1,9833,1,7944,6,2168,86,0782,0,002798,
2026-08-19 08:29:42,18,6039,52,5004,1,9833,1,7944,6,2168,86,0782,0,002803,
2026-08-19 08:29:42,18,6039,52,5004,1,9833,1,7944,6,2168,86,0782,0,002808,
2026-08-19 08:29:42,18,6039,52,5004,1,9833,1,7944,6,2168,86,0782,0,002811,
2026-08-19 08:29:42,18,6039,52,5004,1,9833,1,7944,6,2168,86,0782,0,002815,
2026-08-19 08:29:42,18,6039,52,5004,1,9833,1,7944,6,2168,86,0782,0,002819,
2026-08-19 08:29:42,18,6039,52,5004,1,9833,1,7944,6,2168,86,0782,0,002823,
2026-08-19 08:29:42,18,6039,52,5004,1,9833,1,7944,6,2168,86,0782,0,002828,
2026-08-19 08:29:43,18,6039,52,5004,1,9833,1,7944,6,2168,86,0782,0,002833,
2026-08-19 08:29:43,18,6039,52,5004,1,9833,1,7944,6,2168,86,0782,0,002837,
2026-08-19 08:29:43,18,6039,52,5004,1,9833,1,7944,6,2168,86,0782,0,002842,
2026-08-19 08:29:43,18,6039,52,5004,1,9833,1,7944,6,2168,86,0782,0,002846,
2026-08-19 08:29:43,18,6039,52,5004,1,9833,1,7944,6,2168,86,0782,0,002850,
2026-08-19 08:29:43,18,6039,52,5004,1,9833,1,7944,6,2168,86,0782,0,002856,
2026-08-19 08:29:43,18,6039,52,5004,1,9833,1,7944,6,2168,86,0782,0,002860,
2026-08-19 08:29:43,18,6039,52,5004,1,9833,1,7944,6,2168,86,0782,0,002864,
2026-08-19 08:29:43,18,6039,52,5004,1,9833,1,7944,6,2168,86,0782,0,002869,
2026-08-19 08:29:43,18,6039,52,5004,1,9833,1,7944,6,2168,86,0782,0,002873,
2026-08-19 08:29:43,18,6039,52,5004,1,9833,1,7944,6,2168,86,0782,0,002878,
2026-08-19 08:29:43,18,6039,52,5004,1,9833,1,7944,6,2168,86,0782,0,002882,
2026-08-19 08:29:43,18,6039,52,5004,1,9833,1,7944,6,2168,86,0782,0,002887,
2026-08-19 08:29:43,18,6039,52,5004,1,9833,1,7944,6,2168,86,0782,0,002891,
2026-08-19 08:29:43,18,6039,52,5004,1,9833,1,7944,6,2168,86,0782,0,002896,
2026-08-19 08:29:43,18,6039,52,5004,1,9833,1,7944,6,2168,86,0782,0,002900,
2026-08-19 08:29:43,18,6039,52,5004,1,9833,1,7944,6,2168,86,0782,0,002905,
2026-08-19 08:29:43,18,6039,52,5004,1,9833,1,7944,6,2168,86,0782,0,002909,
2026-08-19 08:29:43,18,6039,52,5004,1,9833,1,7944,6,2168,86,0782,0,002914,
2026-08-19 08:29:43,18,6039,52,5004,1,9833,1,7944,6,2168,86,0782,0,002919,
2026-08-19 08:29:43,18,6039,52,5004,1,9833,1,7944,6,2168,86,0782,0,002923,
2026-08-19 08:29:44,18,6039,52,5004,1,9833,1,7944,6,2168,86,0782,0,002927,
2026-08-19 08:29:44,18,6039,52,5004,1,9833,1,7944,6,2168,86,0782,0,002931,
2026-08-19 08:29:44,18,6039,52,5004,1,9833,1,7944,6,2168,86,0782,0,002935,
2026-08-19 08:29:44,18,6039,52,5004,1,9833,1,7944,6,2168,86,0782,0,002939,
2026-08-19 08:29:44,18,6039,52,5004,1,9833,1,7944,6,2168,86,0782,0,002943,
2026-08-19 08:29:44,18,6039,52,5004,1,9833,1,7944,6,2168,86,0782,0,002946,
2026-08-19 08:29:44,18,6039,52,5004,1,9833,1,7944,6,2168,86,0782,0,002950,
2026-08-19 08:29:44,18,6039,52,5004,1,9833,1,7944,6,2168,86,0782,0,002954,
2026-08-19 08:29:44,18,6039,52,5004,1,9833,1,7944,6,2168,86,0782,0,002957,
2026-08-19 08:29:44,18,6039,52,5004,1,9833,1,7944,6,2168,86,0782,0,002960,
2026-08-19 08:29:44,18,6039,52,5004,1,9833,1,7944,6,2168,86,0782,0,002964,
2026-08-19 08:29:44,18,6039,52,5004,1,9833,1,7944,6,2168,86,0782,0,002967,
2026-08-19 08:29:44,18,6039,52,5004,1,9833,1,7944,6,2168,86,0782,0,002972,
2026-08-19 08:29:44,18,6039,52,5004,1,9833,1,7944,6,2168,86,0782,0,002975,
2026-08-19 08:29:44,18,6039,52,5004,1,9833,1,7944,6,2168,86,0782,0,002979,
2026-08-19 08:29:44,18,6039,52,5004,1,9833,1,7944,6,2168,86,0782,0,002982,
2026-08-19 08:29:44,18,6039,52,5004,1,9833,1,7944,6,2168,86,0782,0,002985,
2026-08-19 08:29:44,18,6039,52,5004,1,9833,1,7944,6,2168,86,0782,0,002988,
2026-08-19 08:29:44,18,6039,52,5004,1,9833,1,7944,6,2168,86,0782,0,002991,
2026-08-19 08:29:44,18,6039,52,5004,1,9833,1,7944,6,2168,86,0782,0,002994,
2026-08-19 08:29:44,18,6039,52,5004,1,9833,1,7944,6,2168,86,0782,0,002997,
2026-08-19 08:29:44,18,6039,52,5004,1,9833,1,7944,6,2168,86,0782,0,003003,
2026-08-19 08:29:44,18,6039,52,5004,1,9833,1,7944,6,2168,86,0782,0,003006,
2026-08-19 08:29:44,18,6039,52,5004,1,9833,1,7944,6,2168,86,0782,0,003011,
2026-08-19 08:29:44,18,6039,52,5004,1,9833,1,7944,6,2168,86,0782,0,003016,
2026-08-19 08:29:45,18,6039,52,5004,1,9833,1,7944,6,2168,86,0782,0,003020,
2026-08-19 08:29:45,18,6039,52,5004,1,9833,1,7944,6,2168,86,0782,0,003025,
2026-08-19 08:29:45,18,6039,52,5004,1,9833,1,7944,6,2168,86,0782,0,003029,
2026-08-19 08:29:45,18,6039,52,5004,1,9833,1,7944,6,2168,86,0782,0,003033,
2026-08-19 08:29:45,18,6039,52,5004,1,9833,1,7944,6,2168,86,0782,0,003038,
2026-08-19 08:29:45,18,6039,52,5004,1,9833,1,7944,6,2168,86,0782,0,003042,
2026-08-19 08:29:45,18,6039,52,5004,1,9833,1,7944,6,2168,86,0782,0,003047,
2026-08-19 08:29:45,18,6039,52,5004,1,9833,1,7944,6,2168,86,0782,0,003051,
2026-08-19 08:29:45,18,6039,52,5004,1,9833,1,7944,6,2168,86,0782,0,003054,
2026-08-19 08:29:45,18,6039,52,5004,1,9833,1,7944,6,2168,86,0782,0,003057,
2026-08-19 08:29:45,18,6039,52,5004,1,9833,1,7944,6,2168,86,0782,0,003060,
2026-08-19 08:29:45,18,6039,52,5004,1,9833,1,7944,6,2168,86,0782,0,003063,
2026-08-19 08:29:45,18,6039,52,5004,1,9833,1,7944,6,2168,86,0782,0,003066,
2026-08-19 08:29:45,18,6039,52,5004,1,9833,1,7944,6,2168,86,0782,0,003069,
2026-08-19 08:29:45,18,6039,52,5004,1,9833,1,7944,6,2168,86,0782,0,003072,
2026-08-19 08:29:45,18,6039,52,5004,1,9833,1,7944,6,2168,86,0782,0,003075,
2026-08-19 08:29:45,18,6039,52,5004,1,9833,1,7944,6,2168,86,0782,0,003078,
2026-08-19 08:29:45,18,6039,52,5004,1,9833,1,7944,6,2168,86,0782,0,003083,
2026-08-19 08:29:45,18,6039,52,5004,1,9833,1,7944,6,2168,86,0782,0,003088,
2026-08-19 08:29:45,18,6039,52,5004,1,9833,1,7944,6,2168,86,0782,0,003093,
2026-08-19 08:29:45,18,6039,52,5004,1,9833,1,7944,6,2168,86,0782,0,003097,
2026-08-19 08:29:45,18,6039,52,5004,1,9833,1,7944,6,2168,86,0782,0,003101,
2026-08-19 08:29:45,18,6039,52,5004,1,9833,1,7944,6,2168,86,0782,0,003105,
2026-08-19 08:29:45,18,6039,52,5004,1,9833,1,7944,6,2168,86,0782,0,003110,
2026-08-19 08:29:46,18,6039,52,5004,1,9833,1,7944,6,2168,86,0782,0,003116,
2026-08-19 08:29:46,18,6039,52,5004,1,9833,1,7944,6,2168,86,0782,0,003121,
2026-08-19 08:29:46,18,6039,52,5004,1,9833,1,7944,6,2168,86,0782,0,003125,
2026-08-19 08:29:46,18,6039,52,5004,1,9833,1,7944,6,2168,86,0782,0,003130,
2026-08-19 08:29:46,18,6039,52,5004,1,9833,1,7944,6,2168,86,0782,0,003135,
2026-08-19 08:29:46,18,6039,52,5004,1,9833,1,7944,6,2168,86,0782,0,003139,
2026-08-19 08:29:46,18,6039,52,5004,1,9833,1,7944,6,2168,86,0782,0,003144,
2026-08-19 08:29:46,18,6039,52,5004,1,9833,1,7944,6,2168,86,0782,0,003149,
2026-08-19 08:29:46,18,6039,52,5004,1,9833,1,7944,6,2168,86,0782,0,003154,
2026-08-19 08:29:46,18,6039,52,5004,1,9833,1,7944,6,2168,86,0782,0,003158,
2026-08-19 08:29:46,18,6039,52,5004,1,9833,1,7944,6,2168,86,0782,0,003164,
2026-08-19 08:29:46,18,6039,52,5004,1,9833,1,7944,6,2168,86,0782,0,003170,
2026-08-19 08:29:46,18,6039,52,5004,1,9833,1,7944,6,2168,86,0782,0,003179,
2026-08-19 08:29:46,18,6039,52,5004,1,9833,1,7944,6,2168,86,0782,0,003185,
2026-08-19 08:29:46,18,6039,52,5004,1,9833,1,7944,6,2168,86,0782,0,003192,
2026-08-19 08:29:46,18,6039,52,5004,1,9833,1,7944,6,2168,86,0782,0,003198,
2026-08-19 08:29:46,18,6039,52,5004,1,9833,1,7944,6,2168,86,0782,0,003204,
2026-08-19 08:29:46,18,6039,52,5004,1,9833,1,7944,6,2168,86,0782,0,003208,
2026-08-19 08:29:47,18,6039,52,5004,1,9833,1,7944,6,2168,86,0782,0,003213,
2026-08-19 08:29:47,18,6039,52,5004,1,9833,1,7944,6,2168,86,0782,0,003217,
2026-08-19 08:29:47,18,6039,52,5004,1,9833,1,7944,6,2168,86,0782,0,003221,
2026-08-19 08:29:47,18,6039,52,5004,1,9833,1,7944,6,2168,86,0782,0,003226,
2026-08-19 08:29:47,18,6039,52,5004,1,9833,1,7944,6,2168,86,0782,0,003230,
2026-08-19 08:29:47,18,6039,52,5004,1,9833,1,7944,6,2168,86,0782,0,003235,
2026-08-19 08:29:47,18,6039,52,5004,1,9833,1,7944,6,2168,86,0782,0,003240,
2026-08-19 08:29:47,18,6039,52,5004,1,9833,1,7944,6,2168,86,0782,0,003244,
2026-08-19 08:29:47,18,6039,52,5004,1,9833,1,7944,6,2168,86,0782,0,003249,
2026-08-19 08:29:47,18,6039,52,5004,1,9833,1,7944,6,2168,86,0782,0,003253,
2026-08-19 08:29:47,18,6039,52,5004,1,9833,1,7944,6,2168,86,0782,0,003257,
2026-08-19 08:29:47,18,6039,52,5004,1,9833,1,7944,6,2168,86,0782,0,003262,
2026-08-19 08:29:47,18,6039,52,5004,1,9833,1,7944,6,2168,86,0782,0,003266,
2026-08-19 08:29:47,18,6039,52,5004,1,9833,1,7944,6,2168,86,0782,0,003271,
2026-08-19 08:29:47,18,6039,52,5004,1,9833,1,7944,6,2168,86,0782,0,003275,
2026-08-19 08:29:47,18,6039,52,5004,1,9833,1,7944,6,2168,86,0782,0,003278,
2026-08-19 08:29:47,18,6039,52,5004,1,9833,1,7944,6,2168,86,0782,0,003281,
2026-08-19 08:29:47,18,6039,52,5004,1,9833,1,7944,6,2168,86,0782,0,003284,
2026-08-19 08:29:47,18,6039,52,5004,1,9833,1,7944,6,2168,86,0782,0,003288,
2026-08-19 08:29:47,18,6039,52,5004,1,9833,1,7944,6,2168,86,0782,0,003293,
2026-08-19 08:29:47,18,6039,52,5004,1,9833,1,7944,6,2168,86,0782,0,003297,
2026-08-19 08:29:47,18,6039,52,5004,1,9833,1,7944,6,2168,86,0782,0,003302,
2026-08-19 08:29:48,18,6039,52,5004,1,9833,1,7944,6,2168,86,0782,0,003316,
2026-08-19 08:29:48,18,6039,52,5004,1,9833,1,7944,6,2168,86,0782,0,003320,
2026-08-19 08:29:48,18,6039,52,5004,1,9833,1,7944,6,2168,86,0782,0,003325,
2026-08-19 08:29:48,18,6039,52,5004,1,9833,1,7944,6,2168,86,0782,0,003329,
2026-08-19 08:29:48,18,6039,52,5004,1,9833,1,7944,6,2168,86,0782,0,003334,
2026-08-19 08:29:48,18,6039,52,5004,1,9833,1,7944,6,2168,86,0782,0,003338,
2026-08-19 08:29:48,18,6039,52,5004,1,9833,1,7944,6,2168,86,0782,0,003342,
2026-08-19 08:29:48,18,6039,52,5004,1,9833,1,7944,6,2168,86,0782,0,003346,
2026-08-19 08:29:48,18,6039,52,5004,1,9833,1,7944,6,2168,86,0782,0,003350,
2026-08-19 08:29:48,18,6039,52,5004,1,9833,1,7944,6,2168,86,0782,0,003354,
2026-08-19 08:29:48,18,6039,52,5004,1,9833,1,7944,6,2168,86,0782,0,003357,
2026-08-19 08:29:48,18,6039,52,5004,1,9833,1,7944,6,2168,86,0782,0,003360,
2026-08-19 08:29:48,18,6039,52,5004,1,9833,1,7944,6,2168,86,0782,0,003364,
2026-08-19 08:29:48,18,6039,52,5004,1,9833,1,7944,6,2168,86,0782,0,003368,
2026-08-19 08:29:48,18,6039,52,5004,1,9833,1,7944,6,2168,86,0782,0,003373,
2026-08-19 08:29:48,18,6039,52,5004,1,9833,1,7944,6,2168,86,0782,0,003378,
2026-08-19 08:29:48,18,6039,52,5004,1,9833,1,7944,6,2168,86,0782,0,003382,
2026-08-19 08:29:48,18,6039,52,5004,1,9833,1,7944,6,2168,86,0782,0,003386,
2026-08-19 08:29:48,18,6039,52,5004,1,9833,1,7944,6,2168,86,0782,0,003390,
2026-08-19 08:29:48,18,6039,52,5004,1,9833,1,7944,6,2168,86,0782,0,003395,
2026-08-19 08:29:49,18,6039,52,5004,1,9833,1,7944,6,2168,86,0782,0,003405,
2026-08-19 08:29:49,18,6039,52,5004,1,9833,1,7944,6,2168,86,0782,0,003408,
2026-08-19 08:29:49,18,6039,52,5004,1,9833,1,7944,6,2168,86,0782,0,003411,
2026-08-19 08:29:49,18,6039,52,5004,1,9833,1,7944,6,2168,86,0782,0,003416,
2026-08-19 08:29:49,18,6039,52,5004,1,9833,1,7944,6,2168,86,0782,0,003420,
2026-08-19 08:29:49,18,6039,52,5004,1,9833,1,7944,6,2168,86,0782,0,003425,
2026-08-19 08:29:49,18,6039,52,5004,1,9833,1,7944,6,2168,86,0782,0,003429,
2026-08-19 08:29:49,18,6039,52,5004,1,9833,1,7944,6,2168,86,0782,0,003434,
2026-08-19 08:29:49,18,6039,52,5004,1,9833,1,7944,6,2168,86,0782,0,003438,
2026-08-19 08:29:49,18,6039,52,5004,1,9833,1,7944,6,2168,86,0782,0,003443,
2026-08-19 08:29:49,18,6039,52,5004,1,9833,1,7944,6,2168,86,0782,0,003447,
2026-08-19 08:29:49,18,6039,52,5004,1,9833,1,7944,6,2168,86,0782,0,003452,
2026-08-19 08:29:49,18,6039,52,5004,1,9833,1,7944,6,2168,86,0782,0,003455,
2026-08-19 08:29:49,18,6039,52,5004,1,9833,1,7944,6,2168,86,0782,0,003458,
2026-08-19 08:29:49,18,6039,52,5004,1,9833,1,7944,6,2168,86,0782,0,003462,
2026-08-19 08:29:49,18,6039,52,5004,1,9833,1,7944,6,2168,86,0782,0,003466,
2026-08-19 08:29:49,18,6039,52,5004,1,9833,1,7944,6,2168,86,0782,0,003469,
2026-08-19 08:29:49,18,6039,52,5004,1,9833,1,7944,6,2168,86,0782,0,003473,
2026-08-19 08:29:49,18,6039,52,5004,1,9833,1,7944,6,2168,86,0782,0,003477,
2026-08-19 08:29:49,18,6039,52,5004,1,9833,1,7944,6,2168,86,0782,0,003490,
2026-08-19 08:29:49,18,6039,52,5004,1,9833,1,7944,6,2168,86,0782,0,003494,
2026-08-19 08:29:50,18,6039,52,5004,1,9833,1,7944,6,2168,86,0782,0,003499,
2026-08-19 08:29:50,18,6039,52,5004,1,9833,1,7944,6,2168,86,0782,0,003503,
2026-08-19 08:29:50,18,6039,52,5004,1,9833,1,7944,6,2168,86,0782,0,003508,
2026-08-19 08:29:50,18,6039,52,5004,1,9833,1,7944,6,2168,86,0782,0,003512,
2026-08-19 08:29:50,18,6039,52,5004,1,9833,1,7944,6,2168,86,0782,0,003516,
2026-08-19 08:29:50,18,6039,52,5004,1,9833,1,7944,6,2168,86,0782,0,003521,
2026-08-19 08:29:50,18,6039,52,5004,1,9833,1,7944,6,2168,86,0782,0,003525,
2026-08-19 08:29:50,18,6039,52,5004,1,9833,1,7944,6,2168,86,0782,0,003530,
2026-08-19 08:29:50,18,6039,52,5004,1,9833,1,7944,6,2168,86,0782,0,003534,
2026-08-19 08:29:50,18,6039,52,5004,1,9833,1,7944,6,2168,86,0782,0,003539,
2026-08-19 08:29:50,18,6039,52,5004,1,9833,1,7944,6,2168,86,0782,0,003544,
2026-08-19 08:29:50,18,6039,52,5004,1,9833,1,7944,6,2168,86,0782,0,003548,
2026-08-19 08:29:50,18,6039,52,5004,1,9833,1,7944,6,2168,86,0782,0,003553,
2026-08-19 08:29:50,15,3610,52,2229,1,9729,1,8049,6,2168,86,0783,0,005248,
2026-08-19 08:29:50,15,3610,52,2229,1,9729,1,8049,6,2168,86,0783,0,005255,
2026-08-19 08:29:50,15,3610,52,2229,1,9729,1,8049,6,2168,86,0783,0,005261,
2026-08-19 08:29:50,15,3610,52,2229,1,9729,1,8049,6,2168,86,0783,0,005269,
2026-08-19 08:29:50,15,3610,52,2229,1,9729,1,8049,6,2168,86,0783,0,005283,
2026-08-19 08:29:50,15,3610,52,2229,1,9729,1,8049,6,2168,86,0783,0,005288,
2026-08-19 08:29:50,15,3610,52,2229,1,9729,1,8049,6,2168,86,0783,0,005295,
2026-08-19 08:29:51,15,3610,52,2229,1,9729,1,8049,6,2168,86,0783,0,005302,
2026-08-19 08:29:51,15,3610,52,2229,1,9729,1,8049,6,2168,86,0783,0,005308,
2026-08-19 08:29:51,15,3610,52,2229,1,9729,1,8049,6,2168,86,0783,0,005315,
2026-08-19 08:29:51,15,3610,52,2229,1,9729,1,8049,6,2168,86,0783,0,005321,
2026-08-19 08:29:51,15,3610,52,2229,1,9729,1,8049,6,2168,86,0783,0,005325,
2026-08-19 08:29:51,15,3610,52,2229,1,9729,1,8049,6,2168,86,0783,0,005329,
2026-08-19 08:29:51,15,3610,52,2229,1,9729,1,8049,6,2168,86,0783,0,005334,
2026-08-19 08:29:51,15,3610,52,2229,1,9729,1,8049,6,2168,86,0783,0,005341,
2026-08-19 08:29:51,15,3610,52,2229,1,9729,1,8049,6,2168,86,0783,0,005347,
2026-08-19 08:29:51,15,3610,52,2229,1,9729,1,8049,6,2168,86,0783,0,005354,
2026-08-19 08:29:51,15,3610,52,2229,1,9729,1,8049,6,2168,86,0783,0,005358,
2026-08-19 08:29:51,15,3610,52,2229,1,9729,1,8049,6,2168,86,0783,0,005363,
2026-08-19 08:29:51,15,3610,52,2229,1,9729,1,8049,6,2168,86,0783,0,005371,
2026-08-19 08:29:51,15,3610,52,2229,1,9729,1,8049,6,2168,86,0783,0,005379,
2026-08-19 08:29:51,15,3610,52,2229,1,9729,1,8049,6,2168,86,0783,0,005385,
2026-08-19 08:29:51,15,3610,52,2229,1,9729,1,8049,6,2168,86,0783,0,005392,
2026-08-19 08:29:51,15,3610,52,2229,1,9729,1,8049,6,2168,86,0783,0,005398,
2026-08-19 08:29:51,15,3610,52,2229,1,9729,1,8049,6,2168,86,0783,0,005409,
2026-08-19 08:29:51,15,3610,52,2229,1,9729,1,8049,6,2168,86,0783,0,005414,
2026-08-19 08:29:51,15,3610,52,2229,1,9729,1,8049,6,2168,86,0783,0,005421,
2026-08-19 08:29:51,15,3610,52,2229,1,9729,1,8049,6,2168,86,0783,0,005428,
2026-08-19 08:29:51,15,3610,52,2229,1,9729,1,8049,6,2168,86,0783,0,005434,
2026-08-19 08:29:51,15,3610,52,2229,1,9729,1,8049,6,2168,86,0783,0,005440,
2026-08-19 08:29:52,15,3610,52,2229,1,9729,1,8049,6,2168,86,0783,0,005446,
2026-08-19 08:29:52,15,3610,52,2229,1,9729,1,8049,6,2168,86,0783,0,005450,
2026-08-19 08:29:52,15,3610,52,2229,1,9729,1,8049,6,2168,86,0783,0,005455,
2026-08-19 08:29:52,15,3610,52,2229,1,9729,1,8049,6,2168,86,0783,0,005462,
2026-08-19 08:29:52,15,3610,52,2229,1,9729,1,8049,6,2168,86,0783,0,005468,
2026-08-19 08:29:52,15,3610,52,2229,1,9729,1,8049,6,2168,86,0783,0,005474,
2026-08-19 08:29:52,15,3610,52,2229,1,9729,1,8049,6,2168,86,0783,0,005479,
2026-08-19 08:29:52,15,3610,52,2229,1,9729,1,8049,6,2168,86,0783,0,005486,
2026-08-19 08:29:52,15,3610,52,2229,1,9729,1,8049,6,2168,86,0783,0,005490,
2026-08-19 08:29:52,15,3610,52,2229,1,9729,1,8049,6,2168,86,0783,0,005497,
2026-08-19 08:29:52,15,3610,52,2229,1,9729,1,8049,6,2168,86,0783,0,005504,
2026-08-19 08:29:52,15,3610,52,2229,1,9729,1,8049,6,2168,86,0783,0,005510,
2026-08-19 08:29:52,15,3610,52,2229,1,9729,1,8049,6,2168,86,0783,0,005517,
2026-08-19 08:29:52,15,3610,52,2229,1,9729,1,8049,6,2168,86,0783,0,005532,
2026-08-19 08:29:52,15,3610,52,2229,1,9729,1,8049,6,2168,86,0783,0,005565,
2026-08-19 08:29:52,15,3610,52,2229,1,9729,1,8049,6,2168,86,0783,0,005573,
2026-08-19 08:29:52,15,3610,52,2229,1,9729,1,8049,6,2168,86,0783,0,005579,
2026-08-19 08:29:53,15,3610,52,2229,1,9729,1,8049,6,2168,86,0783,0,005586,
2026-08-19 08:29:53,15,3610,52,2229,1,9729,1,8049,6,2168,86,0783,0,005591,
2026-08-19 08:29:53,15,3610,52,2229,1,9729,1,8049,6,2168,86,0783,0,005596,
2026-08-19 08:29:53,15,3610,52,2229,1,9729,1,8049,6,2168,86,0783,0,005600,
2026-08-19 08:29:53,15,3610,52,2229,1,9729,1,8049,6,2168,86,0783,0,005613,
2026-08-19 08:29:53,15,3610,52,2229,1,9729,1,8049,6,2168,86,0783,0,005618,
2026-08-19 08:29:53,15,3610,52,2229,1,9729,1,8049,6,2168,86,0783,0,005626,
2026-08-19 08:29:53,15,3610,52,2229,1,9729,1,8049,6,2168,86,0783,0,005632,
2026-08-19 08:29:53,15,3610,52,2229,1,9729,1,8049,6,2168,86,0783,0,005643,
2026-08-19 08:29:53,15,3610,52,2229,1,9729,1,8049,6,2168,86,0783,0,005649,
2026-08-19 08:29:53,15,3610,52,2229,1,9729,1,8049,6,2168,86,0783,0,005660,
2026-08-19 08:29:53,15,3610,52,2229,1,9729,1,8049,6,2168,86,0783,0,005668,
2026-08-19 08:29:53,15,3610,52,2229,1,9729,1,8049,6,2168,86,0783,0,005675,
2026-08-19 08:29:53,15,3610,52,2229,1,9729,1,8049,6,2168,86,0783,0,005680,
2026-08-19 08:29:53,15,3610,52,2229,1,9729,1,8049,6,2168,86,0783,0,005689,
2026-08-19 08:29:53,15,3610,52,2229,1,9729,1,8049,6,2168,86,0783,0,005710,
2026-08-19 08:29:54,15,3610,52,2229,1,9729,1,8049,6,2168,86,0783,0,005739,
2026-08-19 08:29:54,15,3610,52,2229,1,9729,1,8049,6,2168,86,0783,0,005748,
2026-08-19 08:29:54,15,3610,52,2229,1,9729,1,8049,6,2168,86,0783,0,005760,
2026-08-19 08:29:54,15,3610,52,2229,1,9729,1,8049,6,2168,86,0783,0,005790,
2026-08-19 08:29:54,15,3610,52,2229,1,9729,1,8049,6,2168,86,0783,0,005809,
2026-08-19 08:29:54,15,3610,52,2229,1,9729,1,8049,6,2168,86,0783,0,005816,
2026-08-19 08:29:54,15,3610,52,2229,1,9729,1,8049,6,2168,86,0783,0,005824,
2026-08-19 08:29:54,15,3610,52,2229,1,9729,1,8049,6,2168,86,0783,0,005831,
2026-08-19 08:29:54,15,3610,52,2229,1,9729,1,8049,6,2168,86,0783,0,005849,
2026-08-19 08:29:55,15,3610,52,2229,1,9729,1,8049,6,2168,86,0783,0,005866,
2026-08-19 08:29:55,15,3610,52,2229,1,9729,1,8049,6,2168,86,0783,0,005880,
2026-08-19 08:29:55,15,3610,52,2229,1,9729,1,8049,6,2168,86,0783,0,005890,
2026-08-19 08:29:55,15,3610,52,2229,1,9729,1,8049,6,2168,86,0783,0,005899,
2026-08-19 08:29:55,15,3610,52,2229,1,9729,1,8049,6,2168,86,0783,0,005909,
2026-08-19 08:29:55,15,3610,52,2229,1,9729,1,8049,6,2168,86,0783,0,005919,
2026-08-19 08:29:55,15,3610,52,2229,1,9729,1,8049,6,2168,86,0783,0,005926,
2026-08-19 08:29:55,15,3610,52,2229,1,9729,1,8049,6,2168,86,0783,0,005935,
2026-08-19 08:29:55,15,3610,52,2229,1,9729,1,8049,6,2168,86,0783,0,005942,
2026-08-19 08:29:55,15,3610,52,2229,1,9729,1,8049,6,2168,86,0783,0,005950,
2026-08-19 08:29:55,15,3610,52,2229,1,9729,1,8049,6,2168,86,0783,0,005992,
2026-08-19 08:29:55,15,3610,52,2229,1,9729,1,8049,6,2168,86,0783,0,005998,
2026-08-19 08:29:56,15,3610,52,2229,1,9729,1,8049,6,2168,86,0783,0,006022,
2026-08-19 08:29:56,15,3610,52,2229,1,9729,1,8049,6,2168,86,0783,0,006029,
2026-08-19 08:29:56,15,3610,52,2229,1,9729,1,8049,6,2168,86,0783,0,006035,
2026-08-19 08:29:56,15,3610,52,2229,1,9729,1,8049,6,2168,86,0783,0,006042,
2026-08-19 08:29:56,15,3610,52,2229,1,9729,1,8049,6,2168,86,0783,0,006048,
2026-08-19 08:29:56,15,3610,52,2229,1,9729,1,8049,6,2168,86,0783,0,006055,
2026-08-19 08:29:56,15,3610,52,2229,1,9729,1,8049,6,2168,86,0783,0,006062,
2026-08-19 08:29:56,15,3610,52,2229,1,9729,1,8049,6,2168,86,0783,0,006068,
2026-08-19 08:29:56,15,3610,52,2229,1,9729,1,8049,6,2168,86,0783,0,006074,
2026-08-19 08:29:56,15,3610,52,2229,1,9729,1,8049,6,2168,86,0783,0,006082,
2026-08-19 08:29:56,15,3610,52,2229,1,9729,1,8049,6,2168,86,0783,0,006088,
2026-08-19 08:29:56,15,3610,52,2229,1,9729,1,8049,6,2168,86,0783,0,006094,
2026-08-19 08:29:56,15,3610,52,2229,1,9729,1,8049,6,2168,86,0783,0,006101,
2026-08-19 08:29:56,15,3610,52,2229,1,9729,1,8049,6,2168,86,0783,0,006108,
2026-08-19 08:29:56,15,3610,52,2229,1,9729,1,8049,6,2168,86,0783,0,006115,
2026-08-19 08:29:56,15,3610,52,2229,1,9729,1,8049,6,2168,86,0783,0,006122,
2026-08-19 08:29:56,15,3610,52,2229,1,9729,1,8049,6,2168,86,0783,0,006129,
2026-08-19 08:29:56,15,3610,52,2229,1,9729,1,8049,6,2168,86,0783,0,006136,
2026-08-19 08:29:56,15,3610,52,2229,1,9729,1,8049,6,2168,86,0783,0,006142,
2026-08-19 08:29:57,15,3610,52,2229,1,9729,1,8049,6,2168,86,0783,0,006149,
2026-08-19 08:29:57,15,3610,52,2229,1,9729,1,8049,6,2168,86,0783,0,006156,
2026-08-19 08:29:57,15,3610,52,2229,1,9729,1,8049,6,2168,86,0783,0,006163,
2026-08-19 08:29:57,15,3610,52,2229,1,9729,1,8049,6,2168,86,0783,0,006169,
2026-08-19 08:29:57,15,3610,52,2229,1,9729,1,8049,6,2168,86,0783,0,006176,
2026-08-19 08:29:57,15,3610,52,2229,1,9729,1,8049,6,2168,86,0783,0,006182,
2026-08-19 08:29:57,15,3610,52,2229,1,9729,1,8049,6,2168,86,0783,0,006188,
2026-08-19 08:29:57,15,3610,52,2229,1,9729,1,8049,6,2168,86,0783,0,006193,
2026-08-19 08:29:57,15,3610,52,2229,1,9729,1,8049,6,2168,86,0783,0,006199,
2026-08-19 08:29:57,15,3610,52,2229,1,9729,1,8049,6,2168,86,0783,0,006204,
2026-08-19 08:29:57,15,3610,52,2229,1,9729,1,8049,6,2168,86,0783,0,006208,
2026-08-19 08:29:57,15,3610,52,2229,1,9729,1,8049,6,2168,86,0783,0,006213,
2026-08-19 08:29:57,15,3610,52,2229,1,9729,1,8049,6,2168,86,0783,0,006218,
2026-08-19 08:29:57,15,3610,52,2229,1,9729,1,8049,6,2168,86,0783,0,006225,
2026-08-19 08:29:57,15,3610,52,2229,1,9729,1,8049,6,2168,86,0783,0,006232,
2026-08-19 08:29:57,15,3610,52,2229,1,9729,1,8049,6,2168,86,0783,0,006238,
2026-08-19 08:29:57,15,3610,52,2229,1,9729,1,8049,6,2168,86,0783,0,006245,
2026-08-19 08:29:57,15,3610,52,2229,1,9729,1,8049,6,2168,86,0783,0,006251,
2026-08-19 08:29:57,15,3610,52,2229,1,9729,1,8049,6,2168,86,0783,0,006257,
2026-08-19 08:29:57,15,3610,52,2229,1,9729,1,8049,6,2168,86,0783,0,006264,
2026-08-19 08:29:57,15,3610,52,2229,1,9729,1,8049,6,2168,86,0783,0,006270,
2026-08-19 08:29:57,15,3610,52,2229,1,9729,1,8049,6,2168,86,0783,0,006278,
2026-08-19 08:29:57,15,3610,52,2229,1,9729,1,8049,6,2168,86,0783,0,006283,
2026-08-19 08:29:58,15,3610,52,2229,1,9729,1,8049,6,2168,86,0783,0,006291,
2026-08-19 08:29:58,15,3610,52,2229,1,9729,1,8049,6,2168,86,0783,0,006299,
2026-08-19 08:29:58,15,3610,52,2229,1,9729,1,8049,6,2168,86,0783,0,006306,
2026-08-19 08:29:58,15,3610,52,2229,1,9729,1,8049,6,2168,86,0783,0,006312,
2026-08-19 08:29:58,15,3610,52,2229,1,9729,1,8049,6,2168,86,0783,0,006319,
2026-08-19 08:29:58,15,3610,52,2229,1,9729,1,8049,6,2168,86,0783,0,006325,
2026-08-19 08:29:58,15,3610,52,2229,1,9729,1,8049,6,2168,86,0783,0,006333,
2026-08-19 08:29:58,15,3610,52,2229,1,9729,1,8049,6,2168,86,0783,0,006339,
2026-08-19 08:29:58,15,3610,52,2229,1,9729,1,8049,6,2168,86,0783,0,006345,
2026-08-19 08:29:58,15,3610,52,2229,1,9729,1,8049,6,2168,86,0783,0,006352,
2026-08-19 08:29:58,15,3610,52,2229,1,9729,1,8049,6,2168,86,0783,0,006358,
2026-08-19 08:29:58,15,3610,52,2229,1,9729,1,8049,6,2168,86,0783,0,006365,
2026-08-19 08:29:58,15,3610,52,2229,1,9729,1,8049,6,2168,86,0783,0,006375,
2026-08-19 08:29:58,15,3610,52,2229,1,9729,1,8049,6,2168,86,0783,0,006380,
2026-08-19 08:29:58,15,3610,52,2229,1,9729,1,8049,6,2168,86,0783,0,006387,
2026-08-19 08:29:58,15,3610,52,2229,1,9729,1,8049,6,2168,86,0783,0,006394,
2026-08-19 08:29:58,15,3610,52,2229,1,9729,1,8049,6,2168,86,0783,0,006399,
2026-08-19 08:29:58,15,3610,52,2229,1,9729,1,8049,6,2168,86,0783,0,006404,
2026-08-19 08:29:58,15,3610,52,2229,1,9729,1,8049,6,2168,86,0783,0,006408,
2026-08-19 08:29:58,15,3610,52,2229,1,9729,1,8049,6,2168,86,0783,0,006481,
2026-08-19 08:29:58,15,3610,52,2229,1,9729,1,8049,6,2168,86,0783,0,006488,
2026-08-19 08:29:58,15,3610,52,2229,1,9729,1,8049,6,2168,86,0783,0,006493,
2026-08-19 08:29:59,15,3610,52,2229,1,9729,1,8049,6,2168,86,0783,0,006498,
2026-08-19 08:29:59,15,3610,52,2229,1,9729,1,8049,6,2168,86,0783,0,006504,
2026-08-19 08:29:59,15,3610,52,2229,1,9729,1,8049,6,2168,86,0783,0,006514,
2026-08-19 08:29:59,15,3610,52,2229,1,9729,1,8049,6,2168,86,0783,0,006520,
2026-08-19 08:29:59,15,3610,52,2229,1,9729,1,8049,6,2168,86,0783,0,006528,
2026-08-19 08:29:59,15,3610,52,2229,1,9729,1,8049,6,2168,86,0783,0,006534,
2026-08-19 08:29:59,15,3610,52,2229,1,9729,1,8049,6,2168,86,0783,0,006541,
2026-08-19 08:29:59,15,3610,52,2229,1,9729,1,8049,6,2168,86,0783,0,006547,
2026-08-19 08:29:59,15,3610,52,2229,1,9729,1,8049,6,2168,86,0783,0,006553,
2026-08-19 08:29:59,15,3610,52,2229,1,9729,1,8049,6,2168,86,0783,0,006560,
2026-08-19 08:29:59,15,3610,52,2229,1,9729,1,8049,6,2168,86,0783,0,006567,
2026-08-19 08:29:59,15,3610,52,2229,1,9729,1,8049,6,2168,86,0783,0,006576,
2026-08-19 08:29:59,15,3610,52,2229,1,9729,1,8049,6,2168,86,0783,0,006583,
2026-08-19 08:29:59,15,3610,52,2229,1,9729,1,8049,6,2168,86,0783,0,006590,
2026-08-19 08:29:59,15,3610,52,2229,1,9729,1,8049,6,2168,86,0783,0,006597,
2026-08-19 08:29:59,15,3610,52,2229,1,9729,1,8049,6,2168,86,0783,0,006604,
2026-08-19 08:29:59,15,3610,52,2229,1,9729,1,8049,6,2168,86,0783,0,006611,
2026-08-19 08:29:59,15,3610,52,2229,1,9729,1,8049,6,2168,86,0783,0,006618,
2026-08-19 08:29:59,15,3610,52,2229,1,9729,1,8049,6,2168,86,0783,0,006624,
2026-08-19 08:29:59,15,3610,52,2229,1,9729,1,8049,6,2168,86,0783,0,006631,
2026-08-19 08:30:00,15,3610,52,2229,1,9729,1,8049,6,2168,86,0783,0,006638,
2026-08-19 08:30:00,15,3610,52,2229,1,9729,1,8049,6,2168,86,0783,0,006646,
2026-08-19 08:30:00,15,3610,52,2229,1,9729,1,8049,6,2168,86,0783,0,006651,
2026-08-19 08:30:00,15,3610,52,2229,1,9729,1,8049,6,2168,86,0783,0,006661,
2026-08-19 08:30:00,15,3610,52,2229,1,9729,1,8049,6,2168,86,0783,0,006667,
2026-08-19 08:30:00,15,3610,52,2229,1,9729,1,8049,6,2168,86,0783,0,006673,
2026-08-19 08:30:00,15,3610,52,2229,1,9729,1,8049,6,2168,86,0783,0,006679,
2026-08-19 08:30:00,15,3610,52,2229,1,9729,1,8049,6,2168,86,0783,0,006685,
2026-08-19 08:30:00,15,3610,52,2229,1,9729,1,8049,6,2168,86,0783,0,006693,
2026-08-19 08:30:00,15,3610,52,2229,1,9729,1,8049,6,2168,86,0783,0,006702,
2026-08-19 08:30:00,15,3610,52,2229,1,9729,1,8049,6,2168,86,0783,0,006711,
2026-08-19 08:30:00,15,3610,52,2229,1,9729,1,8049,6,2168,86,0783,0,006719,
2026-08-19 08:30:00,15,3610,52,2229,1,9729,1,8049,6,2168,86,0783,0,006726,
2026-08-19 08:30:00,15,3610,52,2229,1,9729,1,8049,6,2168,86,0783,0,006735,
2026-08-19 08:30:00,15,3610,52,2229,1,9729,1,8049,6,2168,86,0783,0,006744,
2026-08-19 08:30:00,15,3610,52,2229,1,9729,1,8049,6,2168,86,0783,0,006752,
2026-08-19 08:30:00,15,3610,52,2229,1,9729,1,8049,6,2168,86,0783,0,006759,
2026-08-19 08:30:00,15,3610,52,2229,1,9729,1,8049,6,2168,86,0783,0,006765,
2026-08-19 08:30:00,15,3610,52,2229,1,9729,1,8049,6,2168,86,0783,0,006774,
2026-08-19 08:30:01,15,3610,52,2229,1,9729,1,8049,6,2168,86,0783,0,006782,
2026-08-19 08:30:01,15,3610,52,2229,1,9729,1,8049,6,2168,86,0783,0,006791,
2026-08-19 08:30:01,15,3610,52,2229,1,9729,1,8049,6,2168,86,0783,0,006801,
2026-08-19 08:30:01,15,3610,52,2229,1,9729,1,8049,6,2168,86,0783,0,006808,
2026-08-19 08:30:01,15,3610,52,2229,1,9729,1,8049,6,2168,86,0783,0,006814,
2026-08-19 08:30:11,29,4247,51,6549,1,9514,1,8264,6,2168,86,0826,0,081226,
2026-08-19 08:30:41,54,6303,49,7782,1,8805,1,8973,12,2155,86,0871,0,073570,
2026-08-19 08:31:11,2,7935,48,1423,1,8187,1,9591,12,2155,86,0874,0,070297,
2026-08-19 08:31:41,2,3333,48,1414,1,8187,1,9591,12,2155,86,0875,0,068489,
2026-08-19 08:32:11,1,5000,48,1397,1,8186,1,9592,12,2155,86,0877,0,067334,
2026-08-19 08:32:41,15,5000,48,3526,1,8266,1,9511,12,1921,86,0878,0,066546,
2026-08-19 08:33:11,1,6667,48,3698,1,8273,1,9505,12,1921,86,0879,0,065967,
2026-08-19 08:33:41,2,1333,48,1751,1,8199,1,9578,12,1921,86,0881,0,065527,
2026-08-19 08:34:11,2,9333,48,1792,1,8201,1,9577,12,1921,86,0882,0,065402,
2026-08-19 08:34:41,1,9000,47,5471,1,7962,1,9815,12,1921,86,0884,0,060944,
2026-08-19 08:35:11,1,8000,47,5517,1,7964,1,9814,12,1921,86,0885,0,000104,
2026-08-19 08:35:41,2,2536,47,5844,1,7976,1,9801,12,1921,86,0887,0,000104,
2026-08-19 08:36:11,2,6268,47,5858,1,7977,1,9801,12,1921,86,0891,0,000116,
2026-08-19 08:36:41,2,2667,47,5905,1,7979,1,9799,12,1921,86,0892,0,000115,
2026-08-19 08:37:11,2,3065,47,5941,1,7980,1,9798,12,1921,86,0893,0,000116,
2026-08-19 08:37:41,1,8065,47,5988,1,7982,1,9796,12,1921,86,0895,0,000116,
2026-08-19 08:38:11,1,7601,47,6586,1,8004,1,9773,12,1921,86,0896,0,000127,
2026-08-19 08:38:41,2,1000,47,6556,1,8003,1,9774,12,1921,86,0898,0,000126,
2026-08-19 08:39:11,1,4934,47,6578,1,8004,1,9774,12,1921,86,0900,0,000128,
2026-08-19 08:39:41,1,7066,47,6561,1,8003,1,9774,12,1921,86,0901,0,000128,
2026-08-19 08:40:11,1,7399,47,6731,1,8010,1,9768,12,1921,86,0902,0,000128,
2026-08-19 08:40:41,1,9399,47,6706,1,8009,1,9769,12,1921,86,0904,0,000129,
2026-08-19 08:41:11,1,3667,47,6944,1,8018,1,9760,12,1921,86,0905,0,000110,
2026-08-19 08:41:41,1,6000,47,7031,1,8021,1,9757,12,1921,86,0907,0,000110,
2026-08-19 08:42:11,14,5000,47,5402,1,7960,1,9818,12,1921,86,0908,0,000110,
2026-08-19 08:42:41,1,6333,47,4972,1,7943,1,9834,12,1921,86,0910,0,000110,
2026-08-19 08:43:11,1,3333,47,5123,1,7949,1,9829,12,1921,86,0911,0,000099,
2026-08-19 08:43:41,1,5667,47,5166,1,7951,1,9827,12,1921,86,0913,0,000097,
2026-08-19 08:44:11,1,2732,47,5274,1,7955,1,9823,12,1921,86,0914,0,000097,
2026-08-19 08:44:41,1,5798,47,5703,1,7971,1,9807,12,1921,86,0916,0,000097,
2026-08-19 08:45:11,1,3667,47,5611,1,7967,1,9810,12,1921,86,0917,0,000097,
2026-08-19 08:45:41,1,6000,47,5591,1,7967,1,9811,12,1921,86,0919,0,000097,
2026-08-19 08:46:11,1,3934,47,5628,1,7968,1,9809,12,1921,86,0920,0,000096,
2026-08-19 08:46:41,1,4732,47,5613,1,7967,1,9810,12,1921,86,0922,0,000096,
2026-08-19 08:47:11,1,3803,47,5650,1,7969,1,9809,12,1921,86,0923,0,000096,
2026-08-19 08:47:41,1,5333,47,5633,1,7968,1,9809,12,1921,86,0925,0,000096,
2026-08-19 08:48:11,1,3333,47,5794,1,7974,1,9803,12,1921,86,0926,0,000096,
2026-08-19 08:48:41,1,8333,47,5774,1,7974,1,9804,12,1921,86,0928,0,000095,
2026-08-19 08:49:11,1,3000,47,5822,1,7975,1,9802,12,1921,86,0929,0,000096,
2026-08-19 08:49:41,1,7000,47,5804,1,7975,1,9803,12,1921,86,0931,0,000096,
2026-08-19 08:50:11,1,2399,47,5790,1,7974,1,9803,12,1921,86,0932,0,000096,
2026-08-19 08:50:41,1,6000,47,5832,1,7976,1,9802,12,1921,86,0934,0,000096,
2026-08-19 08:51:11,1,3667,47,5811,1,7975,1,9803,12,1921,86,0935,0,000096,
2026-08-19 08:51:41,1,5667,47,5794,1,7974,1,9803,12,1921,86,0937,0,000096,
2026-08-19 08:52:11,1,3333,47,5778,1,7974,1,9804,12,1921,86,0938,0,000096,
2026-08-19 08:52:41,2,4732,47,5761,1,7973,1,9804,12,1921,86,0940,0,000095,
2026-08-19 08:53:11,1,2333,47,5744,1,7972,1,9805,12,1921,86,0941,0,000096,
2026-08-19 08:53:41,1,5667,47,5774,1,7974,1,9804,12,1921,86,0943,0,000106,
2026-08-19 08:54:11,1,6601,47,5814,1,7975,1,9802,12,1921,86,0944,0,000107,
2026-08-19 08:54:41,1,8667,47,5986,1,7982,1,9796,12,1921,86,0946,0,000107,
2026-08-19 08:55:11,1,4066,47,6160,1,7988,1,9789,12,1921,86,0947,0,000107,
2026-08-19 08:55:41,1,8333,47,6137,1,7987,1,9790,12,1921,86,0949,0,000108,
2026-08-19 08:56:11,1,7000,47,6119,1,7987,1,9791,12,1921,86,0950,0,000108,
2026-08-19 08:56:41,2,1601,47,6166,1,7988,1,9789,12,1921,86,0951,0,000108,
2026-08-19 08:57:11,13,4667,48,3367,1,8260,1,9517,12,1921,86,0953,0,000108,
2026-08-19 08:57:41,2,8065,48,3656,1,8271,1,9506,12,1921,86,0954,0,000108,
2026-08-19 08:58:11,2,7731,48,3750,1,8275,1,9503,12,1921,86,0956,0,000097,
2026-08-19 08:58:41,2,9667,48,3732,1,8274,1,9503,12,1921,86,0957,0,000096,
2026-08-19 08:59:12,2,5398,48,1605,1,8194,1,9584,12,1921,86,0959,0,000097,
2026-08-19 08:59:41,2,8333,48,1648,1,8195,1,9582,12,1921,86,0960,0,000097,
2026-08-19 09:00:11,2,4398,48,1683,1,8197,1,9581,12,1921,86,0962,0,000096,
2026-08-19 09:00:41,3,0667,48,1663,1,8196,1,9581,12,1921,86,0963,0,000096,
2026-08-19 09:01:11,2,4065,48,1707,1,8198,1,9580,12,1921,86,0965,0,000096,
2026-08-19 09:01:41,2,1399,48,1746,1,8199,1,9578,12,1921,86,0966,0,000096,
2026-08-19 09:02:11,1,5268,48,1726,1,8198,1,9579,12,1921,86,0968,0,000096,
2026-08-19 09:02:41,1,7732,48,1775,1,8200,1,9577,12,1921,86,0969,0,000097,
2026-08-19 09:03:11,1,4667,48,1555,1,8192,1,9586,12,1921,86,0971,0,000096,
2026-08-19 09:03:41,2,3000,48,1661,1,8196,1,9582,12,1921,86,0972,0,000096,
2026-08-19 09:04:11,2,9000,48,1644,1,8195,1,9582,12,1921,86,0974,0,000097,
2026-08-19 09:04:41,3,1398,48,0852,1,8165,1,9612,12,1921,86,0975,0,000097,
2026-08-19 09:05:11,2,6333,48,0889,1,8167,1,9611,12,1921,86,0977,0,000097,
2026-08-19 09:05:41,3,0065,48,0860,1,8166,1,9612,12,1921,86,0978,0,000097,
2026-08-19 09:06:11,3,0398,48,0834,1,8165,1,9613,12,1921,86,0981,0,000110,
2026-08-19 09:06:41,2,9065,48,0816,1,8164,1,9613,12,1921,86,0982,0,000110,
2026-08-19 09:07:11,2,6333,48,0679,1,8159,1,9619,12,1921,86,0984,0,000109,
2026-08-19 09:07:41,2,6065,48,0785,1,8163,1,9615,12,1921,86,0985,0,000109,
2026-08-19 09:08:11,3,3000,48,1248,1,8180,1,9597,12,1921,86,0987,0,000128,
2026-08-19 09:08:41,2,8065,48,1229,1,8180,1,9598,12,1921,86,0988,0,000127,
2026-08-19 09:09:11,2,7333,48,1198,1,8178,1,9599,12,1921,86,0990,0,000141,
2026-08-19 09:09:41,2,4602,48,1180,1,8178,1,9600,12,1921,86,0991,0,000142,
2026-08-19 09:10:11,2,7000,48,1147,1,8177,1,9601,12,1921,86,0993,0,000142,
2026-08-19 09:10:41,2,7065,48,1127,1,8176,1,9602,12,1921,86,0994,0,000142,
2026-08-19 09:11:11,2,8333,48,1108,1,8175,1,9602,12,1921,86,0996,0,000131,
2026-08-19 09:11:41,2,7398,48,1090,1,8174,1,9603,12,1921,86,0997,0,000131,
2026-08-19 09:12:11,12,1667,48,5588,1,8344,1,9433,12,1921,86,0999,0,000130,
2026-08-19 09:12:41,2,7731,48,6069,1,8363,1,9415,12,1921,86,1000,0,000130,
2026-08-19 09:13:11,2,7333,48,5904,1,8356,1,9421,12,1921,86,1002,0,000111,
2026-08-19 09:13:41,2,8269,48,5885,1,8356,1,9422,12,1921,86,1003,0,000098,
2026-08-19 09:14:11,2,8667,48,5926,1,8357,1,9420,12,1921,86,1005,0,000099,
2026-08-19 09:14:41,2,7065,48,4749,1,8313,1,9465,12,1921,86,1006,0,000099,
2026-08-19 09:15:11,2,6000,48,4732,1,8312,1,9466,12,1921,86,1008,0,000098,
2026-08-19 09:15:41,2,8130,48,4711,1,8311,1,9466,12,1921,86,1009,0,000096,
2026-08-19 09:16:11,2,6667,48,4694,1,8311,1,9467,12,1921,86,1011,0,000097,
2026-08-19 09:16:41,2,7667,48,4676,1,8310,1,9468,12,1921,86,1012,0,000096,
2026-08-19 09:17:11,2,2333,48,4716,1,8311,1,9466,12,1921,86,1014,0,000096,
2026-08-19 09:17:41,2,7796,48,4752,1,8313,1,9465,12,1921,86,1015,0,000097,
2026-08-19 09:18:11,2,4268,48,4739,1,8312,1,9465,12,1921,86,1017,0,000096,
2026-08-19 09:18:41,2,8731,48,4721,1,8312,1,9466,12,1921,86,1018,0,000095,
2026-08-19 09:19:11,2,6935,48,4702,1,8311,1,9467,12,1921,86,1020,0,000096,
2026-08-19 09:19:41,2,6732,48,4682,1,8310,1,9467,12,1921,86,1021,0,000096,
2026-08-19 09:20:11,2,7000,48,4854,1,8317,1,9461,12,1921,86,1023,0,000096,
2026-08-19 09:20:41,2,7333,48,4889,1,8318,1,9460,12,1921,86,1024,0,000096,
2026-08-19 09:21:11,2,8000,48,5062,1,8324,1,9453,12,1921,86,1026,0,000096,
2026-08-19 09:21:41,2,8269,48,5108,1,8326,1,9451,12,1921,86,1027,0,000096,
2026-08-19 09:22:11,2,7333,48,5210,1,8330,1,9448,12,1921,86,1029,0,000096,
2026-08-19 09:22:41,2,7000,48,5121,1,8327,1,9451,12,1921,86,1030,0,000096,
2026-08-19 09:23:11,2,8065,48,5104,1,8326,1,9452,12,1921,86,1032,0,000096,
2026-08-19 09:23:41,2,7935,48,5150,1,8328,1,9450,12,1921,86,1033,0,000095,
2026-08-19 09:24:11,2,9602,48,5128,1,8327,1,9451,12,1921,86,1035,0,000107,
2026-08-19 09:24:41,2,7333,48,5110,1,8326,1,9451,12,1921,86,1036,0,000107,
2026-08-19 09:25:11,2,9667,48,5092,1,8326,1,9452,12,1921,86,1038,0,000107,
2026-08-19 09:25:41,2,9935,48,5069,1,8325,1,9453,12,1921,86,1039,0,000107,
2026-08-19 09:26:11,2,7268,48,5053,1,8324,1,9453,12,1921,86,1041,0,000107,
2026-08-19 09:26:41,2,7935,48,5033,1,8323,1,9454,12,1921,86,1042,0,000107,
2026-08-19 09:27:11,2,7000,48,5016,1,8323,1,9455,12,1921,86,1044,0,000108,
2026-08-19 09:27:41,2,7333,49,0593,1,8533,1,9244,12,1921,86,1045,0,000108,
2026-08-19 09:28:11,2,7000,49,0570,1,8533,1,9245,12,1921,86,1047,0,000108,
2026-08-19 09:28:41,2,8935,48,8334,1,8448,1,9329,12,1921,86,1048,0,000106,
2026-08-19 09:29:11,2,9333,48,8550,1,8456,1,9321,12,1921,86,1049,0,000099,
2026-08-19 09:29:41,2,6398,48,8526,1,8455,1,9322,12,1921,86,1051,0,000100,
2026-08-19 09:30:11,2,7602,48,7035,1,8399,1,9379,12,1921,86,1052,0,000101,
2026-08-19 09:30:41,2,7667,48,7262,1,8408,1,9370,12,1921,86,1054,0,000100,
2026-08-19 09:31:11,2,5000,48,7490,1,8416,1,9361,12,1921,86,1056,0,000100,
2026-08-19 09:31:41,4,1000,48,5500,1,8341,1,9437,12,1921,86,1057,0,000100,
2026-08-19 09:32:11,4,3603,48,3450,1,8264,1,9514,12,1921,86,1059,0,000101,
2026-08-19 09:32:41,5,2667,48,2787,1,8239,1,9539,12,1921,86,1060,0,000101,
2026-08-19 09:33:11,4,9937,48,0920,1,8168,1,9610,12,1921,86,1062,0,000101,
2026-08-19 09:33:41,4,7000,48,1159,1,8177,1,9601,12,1921,86,1063,0,000100,
2026-08-19 09:34:11,4,8000,48,1269,1,8181,1,9596,12,1921,86,1064,0,000097,
2026-08-19 09:34:41,4,3333,48,1312,1,8183,1,9595,12,1921,86,1066,0,000107,
2026-08-19 09:35:11,5,1063,48,1389,1,8186,1,9592,12,1921,86,1067,0,000107,
2026-08-19 09:35:41,7,5000,48,1383,1,8185,1,9592,12,1921,86,1066,0,000107,
2026-08-19 09:36:11,5,6000,48,1417,1,8187,1,9591,12,1921,86,1069,0,000121,
2026-08-19 09:36:41,4,3667,48,1591,1,8193,1,9584,12,1921,86,1070,0,000121,
2026-08-19 09:37:11,5,2397,48,1772,1,8200,1,9577,12,1921,86,1072,0,000122,
2026-08-19 09:37:41,5,9604,48,1727,1,8198,1,9579,12,1921,86,1073,0,000127,
2026-08-19 09:38:11,4,4333,48,1953,1,8207,1,9571,12,1921,86,1075,0,000127,
2026-08-19 09:38:41,4,7603,48,1936,1,8206,1,9571,12,1921,86,1076,0,000126,
2026-08-19 09:39:11,3,9064,48,1918,1,8206,1,9572,12,1921,86,1078,0,000117,
2026-08-19 09:39:41,3,7667,48,1902,1,8205,1,9572,12,1921,86,1079,0,000118,
2026-08-19 09:40:11,4,3730,48,1883,1,8204,1,9573,12,1921,86,1081,0,000117,
2026-08-19 09:40:41,4,1333,48,2052,1,8211,1,9567,12,1921,86,1082,0,000116,
2026-08-19 09:41:11,4,0333,48,2668,1,8234,1,9544,12,1921,86,1084,0,000103,
2026-08-19 09:41:41,4,6000,48,2707,1,8235,1,9542,12,1921,86,1085,0,000103,
2026-08-19 09:42:11,5,9667,48,2687,1,8235,1,9543,12,1921,86,1087,0,000102,
2026-08-19 09:42:41,4,6667,49,0215,1,8519,1,9258,12,1921,86,1088,0,000098,
2026-08-19 09:43:11,4,6270,49,0308,1,8523,1,9255,12,1921,86,1090,0,000097,
2026-08-19 09:43:41,5,0333,49,0356,1,8524,1,9253,12,1921,86,1091,0,000095,
2026-08-19 09:44:11,4,3603,49,0781,1,8540,1,9237,12,1921,86,1093,0,000096,
2026-08-19 09:44:41,4,0000,49,0813,1,8542,1,9236,12,1921,86,1094,0,000096,
2026-08-19 09:45:11,4,5397,49,1092,1,8552,1,9225,12,1921,86,1096,0,000096,
2026-08-19 09:45:41,3,9667,49,1070,1,8551,1,9226,12,1921,86,1097,0,000096,
2026-08-19 09:46:11,4,1667,49,1052,1,8551,1,9227,12,1921,86,1098,0,000096,
2026-08-19 09:46:41,4,1000,49,0953,1,8547,1,9231,12,1921,86,1100,0,000096,
2026-08-19 09:47:11,4,4333,49,1189,1,8556,1,9222,12,1921,86,1101,0,000096,
2026-08-19 09:47:41,4,6333,49,1172,1,8555,1,9222,12,1921,86,1103,0,000095,
2026-08-19 09:48:11,4,5000,49,1345,1,8562,1,9216,12,1921,86,1104,0,000095,
2026-08-19 09:48:41,5,2333,49,1325,1,8561,1,9216,12,1921,86,1106,0,000094,
2026-08-19 09:49:11,4,1397,49,1372,1,8563,1,9215,12,1921,86,1107,0,000095,
2026-08-19 09:49:41,4,3064,49,1351,1,8562,1,9216,12,1921,86,1109,0,000107,
2026-08-19 14:45:25,0,0000,49,4537,1,8682,1,9095,12,1921,86,1111,0,000000,
2026-08-19 14:45:27,0,0000,49,4537,1,8682,1,9095,12,1921,86,1111,0,000000,
2026-08-19 14:45:28,0,0000,49,4537,1,8682,1,9095,12,1921,86,1111,0,000000,
2026-08-19 14:45:34,14,6660,50,0994,1,8926,1,8851,12,1921,86,0780,0,000050,
2026-08-19 14:45:34,14,6660,50,0994,1,8926,1,8851,12,1921,86,0780,0,000050,
2026-08-19 14:45:34,14,6660,50,0994,1,8926,1,8851,12,1921,86,0780,0,000050,
2026-08-19 14:45:34,14,6660,50,0994,1,8926,1,8851,12,1921,86,0780,0,000050,
2026-08-19 14:45:34,14,6660,50,0994,1,8926,1,8851,12,1921,86,0780,0,000050,
2026-08-19 14:45:34,14,6660,50,0994,1,8926,1,8851,12,1921,86,0780,0,000050,
2026-08-19 14:45:34,14,6660,50,0994,1,8926,1,8851,12,1921,86,0780,0,000050,
2026-08-19 14:45:34,14,6660,50,0994,1,8926,1,8851,12,1921,86,0780,0,000051,
2026-08-19 14:45:34,14,6660,50,0994,1,8926,1,8851,12,1921,86,0780,0,000051,
2026-08-19 14:45:34,14,6660,50,0994,1,8926,1,8851,12,1921,86,0780,0,000051,
2026-08-19 14:45:34,14,6660,50,0994,1,8926,1,8851,12,1921,86,0780,0,000051,
2026-08-19 14:45:34,14,6660,50,0994,1,8926,1,8851,12,1921,86,0780,0,000051,
2026-08-19 14:45:34,14,6660,50,0994,1,8926,1,8851,12,1921,86,0780,0,000051,
2026-08-19 14:45:34,14,6660,50,0994,1,8926,1,8851,12,1921,86,0780,0,000051,
2026-08-19 14:45:35,14,6660,50,0994,1,8926,1,8851,12,1921,86,0780,0,000051,
2026-08-19 14:45:35,14,6660,50,0994,1,8926,1,8851,12,1921,86,0780,0,000051,
2026-08-19 14:45:35,14,6660,50,0994,1,8926,1,8851,12,1921,86,0780,0,000052,
2026-08-19 14:45:35,14,6660,50,0994,1,8926,1,8851,12,1921,86,0780,0,000052,
2026-08-19 14:45:35,14,6660,50,0994,1,8926,1,8851,12,1921,86,0780,0,000052,
2026-08-19 14:45:35,14,6660,50,0994,1,8926,1,8851,12,1921,86,0780,0,000052,
2026-08-19 14:45:35,14,6660,50,0994,1,8926,1,8851,12,1921,86,0780,0,000052,
2026-08-19 14:45:35,14,6660,50,0994,1,8926,1,8851,12,1921,86,0780,0,000053,
2026-08-19 14:45:35,14,6660,50,0994,1,8926,1,8851,12,1921,86,0780,0,000053,
2026-08-19 14:45:41,14,6660,50,0994,1,8926,1,8851,12,1921,86,0780,0,000065,
2026-08-19 14:45:41,14,6660,50,0994,1,8926,1,8851,12,1921,86,0780,0,000065,
2026-08-19 14:45:41,14,6660,50,0994,1,8926,1,8851,12,1921,86,0780,0,000065,
2026-08-19 14:45:41,14,6660,50,0994,1,8926,1,8851,12,1921,86,0780,0,000066,
2026-08-19 14:45:41,14,6660,50,0994,1,8926,1,8851,12,1921,86,0780,0,000066,
2026-08-19 14:45:41,14,6660,50,0994,1,8926,1,8851,12,1921,86,0780,0,000066,
2026-08-19 14:45:41,14,6660,50,0994,1,8926,1,8851,12,1921,86,0780,0,000066,
2026-08-19 14:45:41,14,6660,50,0994,1,8926,1,8851,12,1921,86,0780,0,000066,
2026-08-19 14:45:41,14,6660,50,0994,1,8926,1,8851,12,1921,86,0780,0,000066,
2026-08-19 14:45:41,14,6660,50,0994,1,8926,1,8851,12,1921,86,0780,0,000066,
2026-08-19 14:45:42,14,6660,50,0994,1,8926,1,8851,12,1921,86,0780,0,000066,
2026-08-19 14:45:42,14,6660,50,0994,1,8926,1,8851,12,1921,86,0780,0,000067,
2026-08-19 14:45:42,14,6660,50,0994,1,8926,1,8851,12,1921,86,0780,0,000067,
2026-08-19 14:45:42,14,6660,50,0994,1,8926,1,8851,12,1921,86,0780,0,000067,
2026-08-19 14:45:42,14,6660,50,0994,1,8926,1,8851,12,1921,86,0780,0,000067,
2026-08-19 14:45:42,14,6660,50,0994,1,8926,1,8851,12,1921,86,0780,0,000067,
2026-08-19 14:45:42,14,6660,50,0994,1,8926,1,8851,12,1921,86,0780,0,000067,
2026-08-19 14:45:42,14,6660,50,0994,1,8926,1,8851,12,1921,86,0780,0,000067,
2026-08-19 14:45:42,14,6660,50,0994,1,8926,1,8851,12,1921,86,0780,0,000067,
2026-08-19 14:45:42,14,6660,50,0994,1,8926,1,8851,12,1921,86,0780,0,000068,
2026-08-19 14:45:42,14,6660,50,0994,1,8926,1,8851,12,1921,86,0780,0,000068,
2026-08-19 14:45:42,14,6660,50,0994,1,8926,1,8851,12,1921,86,0780,0,000068,
2026-08-19 14:45:42,14,6660,50,0994,1,8926,1,8851,12,1921,86,0780,0,000068,
2026-08-19 14:45:42,14,6660,50,0994,1,8926,1,8851,12,1921,86,0780,0,000068,
2026-08-19 14:45:42,14,6660,50,0994,1,8926,1,8851,12,1921,86,0780,0,000068,
2026-08-19 14:45:42,14,6660,50,0994,1,8926,1,8851,12,1921,86,0780,0,000068,
2026-08-19 14:45:42,14,6660,50,0994,1,8926,1,8851,12,1921,86,0780,0,000068,
2026-08-19 14:45:42,14,6660,50,0994,1,8926,1,8851,12,1921,86,0780,0,000069,
2026-08-19 14:45:43,14,6660,50,0994,1,8926,1,8851,12,1921,86,0780,0,000069,
2026-08-19 14:45:43,14,6660,50,0994,1,8926,1,8851,12,1921,86,0780,0,000069,
2026-08-19 14:45:43,14,6660,50,0994,1,8926,1,8851,12,1921,86,0780,0,000069,
2026-08-19 14:45:43,14,6660,50,0994,1,8926,1,8851,12,1921,86,0780,0,000069,
2026-08-19 14:45:43,14,6660,50,0994,1,8926,1,8851,12,1921,86,0780,0,000069,
2026-08-19 14:45:43,14,6660,50,0994,1,8926,1,8851,12,1921,86,0780,0,000069,
2026-08-19 14:45:43,14,6660,50,0994,1,8926,1,8851,12,1921,86,0780,0,000069,
2026-08-19 14:45:43,14,6660,50,0994,1,8926,1,8851,12,1921,86,0780,0,000070,
2026-08-19 14:45:43,14,6660,50,0994,1,8926,1,8851,12,1921,86,0780,0,000070,
2026-08-19 14:45:43,14,6660,50,0994,1,8926,1,8851,12,1921,86,0780,0,000070,
2026-08-19 14:45:43,14,6660,50,0994,1,8926,1,8851,12,1921,86,0780,0,000070,
2026-08-19 14:45:43,14,6660,50,0994,1,8926,1,8851,12,1921,86,0780,0,000070,
2026-08-19 14:45:43,14,6660,50,0994,1,8926,1,8851,12,1921,86,0780,0,000070,
2026-08-19 14:45:43,14,6660,50,0994,1,8926,1,8851,12,1921,86,0780,0,000070,
2026-08-19 14:45:43,14,6660,50,0994,1,8926,1,8851,12,1921,86,0780,0,000070,
2026-08-19 14:45:43,14,6660,50,0994,1,8926,1,8851,12,1921,86,0780,0,000070,
2026-08-19 14:45:43,14,6660,50,0994,1,8926,1,8851,12,1921,86,0780,0,000070,
2026-08-19 14:45:43,14,6660,50,0994,1,8926,1,8851,12,1921,86,0780,0,000071,
2026-08-19 14:45:43,14,6660,50,0994,1,8926,1,8851,12,1921,86,0780,0,000071,
2026-08-19 14:45:44,14,6660,50,0994,1,8926,1,8851,12,1921,86,0780,0,000071,
2026-08-19 14:45:44,14,6660,50,0994,1,8926,1,8851,12,1921,86,0780,0,000071,
2026-08-19 14:45:44,14,6660,50,0994,1,8926,1,8851,12,1921,86,0780,0,000071,
2026-08-19 14:45:44,14,6660,50,0994,1,8926,1,8851,12,1921,86,0780,0,000071,
2026-08-19 14:45:44,14,6660,50,0994,1,8926,1,8851,12,1921,86,0780,0,000071,
2026-08-19 14:45:44,14,6660,50,0994,1,8926,1,8851,12,1921,86,0780,0,000071,
2026-08-19 14:45:44,14,6660,50,0994,1,8926,1,8851,12,1921,86,0780,0,000072,
2026-08-19 14:45:44,14,6660,50,0994,1,8926,1,8851,12,1921,86,0780,0,000072,
2026-08-19 14:45:44,14,6660,50,0994,1,8926,1,8851,12,1921,86,0780,0,000072,
2026-08-19 14:45:44,14,6660,50,0994,1,8926,1,8851,12,1921,86,0780,0,000072,
2026-08-19 14:45:44,14,6660,50,0994,1,8926,1,8851,12,1921,86,0780,0,000072,
2026-08-19 14:45:44,14,6660,50,0994,1,8926,1,8851,12,1921,86,0780,0,000072,
2026-08-19 14:45:44,14,6660,50,0994,1,8926,1,8851,12,1921,86,0780,0,000073,
2026-08-19 14:45:45,14,6660,50,0994,1,8926,1,8851,12,1921,86,0780,0,000073,
2026-08-19 14:45:45,14,6660,50,0994,1,8926,1,8851,12,1921,86,0780,0,000073,
2026-08-19 14:45:45,14,6660,50,0994,1,8926,1,8851,12,1921,86,0780,0,000073,
2026-08-19 14:45:45,14,6660,50,0994,1,8926,1,8851,12,1921,86,0780,0,000073,
2026-08-19 14:45:45,14,6660,50,0994,1,8926,1,8851,12,1921,86,0780,0,000074,
2026-08-19 14:45:45,14,6660,50,0994,1,8926,1,8851,12,1921,86,0780,0,000074,
2026-08-19 14:45:45,14,6660,50,0994,1,8926,1,8851,12,1921,86,0780,0,000074,
2026-08-19 14:45:45,14,6660,50,0994,1,8926,1,8851,12,1921,86,0780,0,000074,
2026-08-19 14:45:45,14,6660,50,0994,1,8926,1,8851,12,1921,86,0780,0,000074,
2026-08-19 14:45:45,14,6660,50,0994,1,8926,1,8851,12,1921,86,0780,0,000074,
2026-08-19 14:45:45,14,6660,50,0994,1,8926,1,8851,12,1921,86,0780,0,000075,
2026-08-19 14:45:45,14,6660,50,0994,1,8926,1,8851,12,1921,86,0780,0,000075,
2026-08-19 14:45:45,14,6660,50,0994,1,8926,1,8851,12,1921,86,0780,0,000075,
2026-08-19 14:45:45,14,6660,50,0994,1,8926,1,8851,12,1921,86,0780,0,000075,
2026-08-19 14:45:46,14,6660,50,0994,1,8926,1,8851,12,1921,86,0780,0,000075,
2026-08-19 14:45:46,14,6660,50,0994,1,8926,1,8851,12,1921,86,0780,0,000075,
2026-08-19 14:45:46,14,6660,50,0994,1,8926,1,8851,12,1921,86,0780,0,000075,
2026-08-19 14:45:46,14,6660,50,0994,1,8926,1,8851,12,1921,86,0780,0,000075,
2026-08-19 14:45:46,14,6660,50,0994,1,8926,1,8851,12,1921,86,0780,0,000076,
2026-08-19 14:45:46,14,6660,50,0994,1,8926,1,8851,12,1921,86,0780,0,000076,
2026-08-19 14:45:46,14,6660,50,0994,1,8926,1,8851,12,1921,86,0780,0,000076,
2026-08-19 14:45:46,14,6660,50,0994,1,8926,1,8851,12,1921,86,0780,0,000076,
2026-08-19 14:45:46,14,6660,50,0994,1,8926,1,8851,12,1921,86,0780,0,000076,
2026-08-19 14:45:46,14,6660,50,0994,1,8926,1,8851,12,1921,86,0780,0,000076,
2026-08-19 14:45:46,14,6660,50,0994,1,8926,1,8851,12,1921,86,0780,0,000077,
2026-08-19 14:45:46,14,6660,50,0994,1,8926,1,8851,12,1921,86,0780,0,000077,
2026-08-19 14:45:46,14,6660,50,0994,1,8926,1,8851,12,1921,86,0780,0,000077,
2026-08-19 14:45:46,14,6660,50,0994,1,8926,1,8851,12,1921,86,0780,0,000077,
2026-08-19 14:45:46,14,6660,50,0994,1,8926,1,8851,12,1921,86,0780,0,000077,
2026-08-19 14:45:47,14,6660,50,0994,1,8926,1,8851,12,1921,86,0780,0,000077,
2026-08-19 14:45:47,14,6660,50,0994,1,8926,1,8851,12,1921,86,0780,0,000077,
2026-08-19 14:45:47,14,6660,50,0994,1,8926,1,8851,12,1921,86,0780,0,000078,
2026-08-19 14:45:47,14,6660,50,0994,1,8926,1,8851,12,1921,86,0780,0,000078,
2026-08-19 14:45:47,14,6660,50,0994,1,8926,1,8851,12,1921,86,0780,0,000078,
2026-08-19 14:45:47,14,6660,50,0994,1,8926,1,8851,12,1921,86,0780,0,000078,
2026-08-19 14:45:47,14,6660,50,0994,1,8926,1,8851,12,1921,86,0780,0,000078,
2026-08-19 14:45:48,14,6660,50,0994,1,8926,1,8851,12,1921,86,0780,0,000080,
2026-08-19 14:45:48,14,6660,50,0994,1,8926,1,8851,12,1921,86,0780,0,000081,
2026-08-19 14:45:48,14,6660,50,0994,1,8926,1,8851,12,1921,86,0780,0,000081,
2026-08-19 14:45:48,14,6660,50,0994,1,8926,1,8851,12,1921,86,0780,0,000081,
2026-08-19 14:45:48,14,6660,50,0994,1,8926,1,8851,12,1921,86,0781,0,001397,
2026-08-19 14:45:49,7,5728,49,5300,1,8711,1,9066,12,1921,86,0781,0,001401,
2026-08-19 14:45:49,7,5728,49,5300,1,8711,1,9066,12,1921,86,0781,0,001404,
2026-08-19 14:45:49,7,5728,49,5300,1,8711,1,9066,12,1921,86,0781,0,001406,
2026-08-19 14:45:49,7,5728,49,5300,1,8711,1,9066,12,1921,86,0781,0,001408,
2026-08-19 14:45:49,7,5728,49,5300,1,8711,1,9066,12,1921,86,0781,0,001410,
2026-08-19 14:45:49,7,5728,49,5300,1,8711,1,9066,12,1921,86,0781,0,001412,
2026-08-19 14:45:49,7,5728,49,5300,1,8711,1,9066,12,1921,86,0781,0,001414,
2026-08-19 14:45:49,7,5728,49,5300,1,8711,1,9066,12,1921,86,0781,0,001416,
2026-08-19 14:45:49,7,5728,49,5300,1,8711,1,9066,12,1921,86,0781,0,001420,
2026-08-19 14:45:49,7,5728,49,5300,1,8711,1,9066,12,1921,86,0781,0,001422,
2026-08-19 14:45:49,7,5728,49,5300,1,8711,1,9066,12,1921,86,0781,0,001425,
2026-08-19 14:45:49,7,5728,49,5300,1,8711,1,9066,12,1921,86,0781,0,001427,
2026-08-19 14:45:49,7,5728,49,5300,1,8711,1,9066,12,1921,86,0781,0,001429,
2026-08-19 14:45:49,7,5728,49,5300,1,8711,1,9066,12,1921,86,0781,0,001431,
2026-08-19 14:45:49,7,5728,49,5300,1,8711,1,9066,12,1921,86,0781,0,001434,
2026-08-19 14:45:49,7,5728,49,5300,1,8711,1,9066,12,1921,86,0781,0,001436,
2026-08-19 14:45:50,7,5728,49,5300,1,8711,1,9066,12,1921,86,0781,0,001438,
2026-08-19 14:45:50,7,5728,49,5300,1,8711,1,9066,12,1921,86,0781,0,001439,
2026-08-19 14:45:50,7,5728,49,5300,1,8711,1,9066,12,1921,86,0781,0,001441,
2026-08-19 14:45:50,7,5728,49,5300,1,8711,1,9066,12,1921,86,0781,0,001443,
2026-08-19 14:45:50,7,5728,49,5300,1,8711,1,9066,12,1921,86,0781,0,001461,
2026-08-19 14:45:50,7,5728,49,5300,1,8711,1,9066,12,1921,86,0781,0,001464,
2026-08-19 14:45:50,7,5728,49,5300,1,8711,1,9066,12,1921,86,0781,0,001467,
2026-08-19 14:45:50,7,5728,49,5300,1,8711,1,9066,12,1921,86,0781,0,001469,
2026-08-19 14:45:50,7,5728,49,5300,1,8711,1,9066,12,1921,86,0781,0,001470,
2026-08-19 14:45:50,7,5728,49,5300,1,8711,1,9066,12,1921,86,0781,0,001472,
2026-08-19 14:45:50,7,5728,49,5300,1,8711,1,9066,12,1921,86,0781,0,001474,
2026-08-19 14:45:51,7,5728,49,5300,1,8711,1,9066,12,1921,86,0781,0,001476,
2026-08-19 14:45:51,7,5728,49,5300,1,8711,1,9066,12,1921,86,0781,0,001478,
2026-08-19 14:45:51,7,5728,49,5300,1,8711,1,9066,12,1921,86,0781,0,001480,
2026-08-19 14:45:51,7,5728,49,5300,1,8711,1,9066,12,1921,86,0781,0,001481,
2026-08-19 14:45:51,7,5728,49,5300,1,8711,1,9066,12,1921,86,0781,0,001484,
2026-08-19 14:45:51,7,5728,49,5300,1,8711,1,9066,12,1921,86,0781,0,001486,
2026-08-19 14:45:51,7,5728,49,5300,1,8711,1,9066,12,1921,86,0781,0,001488,
2026-08-19 14:45:51,7,5728,49,5300,1,8711,1,9066,12,1921,86,0781,0,001490,
2026-08-19 14:45:51,7,5728,49,5300,1,8711,1,9066,12,1921,86,0781,0,001493,
2026-08-19 14:45:51,7,5728,49,5300,1,8711,1,9066,12,1921,86,0781,0,001495,
2026-08-19 14:45:51,7,5728,49,5300,1,8711,1,9066,12,1921,86,0781,0,001498,
2026-08-19 14:45:51,7,5728,49,5300,1,8711,1,9066,12,1921,86,0781,0,001501,
2026-08-19 14:45:51,7,5728,49,5300,1,8711,1,9066,12,1921,86,0781,0,001506,
2026-08-19 14:45:52,7,5728,49,5300,1,8711,1,9066,12,1921,86,0781,0,001514,
2026-08-19 14:45:52,7,5728,49,5300,1,8711,1,9066,12,1921,86,0781,0,001516,
2026-08-19 14:45:52,7,5728,49,5300,1,8711,1,9066,12,1921,86,0781,0,001519,
2026-08-19 14:45:52,7,5728,49,5300,1,8711,1,9066,12,1921,86,0781,0,001521,
2026-08-19 14:45:52,7,5728,49,5300,1,8711,1,9066,12,1921,86,0781,0,001540,
2026-08-19 14:45:53,7,5728,49,5300,1,8711,1,9066,12,1921,86,0781,0,001543,
2026-08-19 14:45:53,7,5728,49,5300,1,8711,1,9066,12,1921,86,0781,0,001562,
2026-08-19 14:45:53,7,5728,49,5300,1,8711,1,9066,12,1921,86,0781,0,001566,
2026-08-19 14:45:53,7,5728,49,5300,1,8711,1,9066,12,1921,86,0781,0,001568,
2026-08-19 14:45:53,7,5728,49,5300,1,8711,1,9066,12,1921,86,0781,0,001574,
2026-08-19 14:45:54,7,5728,49,5300,1,8711,1,9066,12,1921,86,0781,0,001620,
2026-08-19 14:45:54,7,5728,49,5300,1,8711,1,9066,12,1921,86,0781,0,001622,
2026-08-19 14:45:55,7,5728,49,5300,1,8711,1,9066,12,1921,86,0781,0,001626,
2026-08-19 14:45:55,7,5728,49,5300,1,8711,1,9066,12,1921,86,0781,0,001628,
2026-08-19 14:45:55,7,5728,49,5300,1,8711,1,9066,12,1921,86,0781,0,001632,
2026-08-19 14:45:55,7,5728,49,5300,1,8711,1,9066,12,1921,86,0781,0,001634,
2026-08-19 14:45:55,7,5728,49,5300,1,8711,1,9066,12,1921,86,0781,0,001636,
2026-08-19 14:45:55,7,5728,49,5300,1,8711,1,9066,12,1921,86,0781,0,001640,
2026-08-19 14:45:55,7,5728,49,5300,1,8711,1,9066,12,1921,86,0781,0,001642,
2026-08-19 14:45:55,7,5728,49,5300,1,8711,1,9066,12,1921,86,0781,0,001645,
2026-08-19 14:45:55,7,5728,49,5300,1,8711,1,9066,12,1921,86,0781,0,001647,
2026-08-19 14:45:55,7,5728,49,5300,1,8711,1,9066,12,1921,86,0781,0,001650,
2026-08-19 14:45:55,7,5728,49,5300,1,8711,1,9066,12,1921,86,0781,0,001653,
2026-08-19 14:45:55,7,5728,49,5300,1,8711,1,9066,12,1921,86,0781,0,001656,
2026-08-19 14:45:55,7,5728,49,5300,1,8711,1,9066,12,1921,86,0781,0,001659,
2026-08-19 14:45:56,7,5728,49,5300,1,8711,1,9066,12,1921,86,0781,0,001662,
2026-08-19 14:45:56,7,5728,49,5300,1,8711,1,9066,12,1921,86,0781,0,001665,
2026-08-19 14:45:56,7,5728,49,5300,1,8711,1,9066,12,1921,86,0781,0,001667,
2026-08-19 14:45:56,7,5728,49,5300,1,8711,1,9066,12,1921,86,0781,0,001670,
2026-08-19 14:45:56,7,5728,49,5300,1,8711,1,9066,12,1921,86,0781,0,001673,
2026-08-19 14:45:56,7,5728,49,5300,1,8711,1,9066,12,1921,86,0781,0,001676,
2026-08-19 14:45:56,7,5728,49,5300,1,8711,1,9066,12,1921,86,0781,0,001678,
2026-08-19 14:45:56,7,5728,49,5300,1,8711,1,9066,12,1921,86,0781,0,001682,
2026-08-19 14:45:56,7,5728,49,5300,1,8711,1,9066,12,1921,86,0781,0,001684,
2026-08-19 14:45:56,7,5728,49,5300,1,8711,1,9066,12,1921,86,0781,0,001686,
2026-08-19 14:45:56,7,5728,49,5300,1,8711,1,9066,12,1921,86,0781,0,001688,
2026-08-19 14:45:56,7,5728,49,5300,1,8711,1,9066,12,1921,86,0781,0,001690,
2026-08-19 14:45:56,7,5728,49,5300,1,8711,1,9066,12,1921,86,0781,0,001691,
2026-08-19 14:45:56,7,5728,49,5300,1,8711,1,9066,12,1921,86,0781,0,001693,
2026-08-19 14:45:56,7,5728,49,5300,1,8711,1,9066,12,1921,86,0781,0,001695,
2026-08-19 14:45:57,7,5728,49,5300,1,8711,1,9066,12,1921,86,0781,0,001697,
2026-08-19 14:45:57,7,5728,49,5300,1,8711,1,9066,12,1921,86,0781,0,001699,
2026-08-19 14:45:57,7,5728,49,5300,1,8711,1,9066,12,1921,86,0781,0,001701,
2026-08-19 14:45:57,7,5728,49,5300,1,8711,1,9066,12,1921,86,0781,0,001702,
2026-08-19 14:45:57,7,5728,49,5300,1,8711,1,9066,12,1921,86,0781,0,001704,
2026-08-19 14:45:57,7,5728,49,5300,1,8711,1,9066,12,1921,86,0781,0,001706,
2026-08-19 14:45:57,7,5728,49,5300,1,8711,1,9066,12,1921,86,0781,0,001708,
2026-08-19 14:45:57,7,5728,49,5300,1,8711,1,9066,12,1921,86,0781,0,001710,
2026-08-19 14:45:57,7,5728,49,5300,1,8711,1,9066,12,1921,86,0781,0,001712,
2026-08-19 14:45:57,7,5728,49,5300,1,8711,1,9066,12,1921,86,0781,0,001713,
2026-08-19 14:45:57,7,5728,49,5300,1,8711,1,9066,12,1921,86,0781,0,001715,
2026-08-19 14:45:57,7,5728,49,5300,1,8711,1,9066,12,1921,86,0781,0,001717,
2026-08-19 14:45:57,7,5728,49,5300,1,8711,1,9066,12,1921,86,0781,0,001719,
2026-08-19 14:45:57,7,5728,49,5300,1,8711,1,9066,12,1921,86,0781,0,001720,
2026-08-19 14:45:57,7,5728,49,5300,1,8711,1,9066,12,1921,86,0781,0,001722,
2026-08-19 14:45:57,7,5728,49,5300,1,8711,1,9066,12,1921,86,0781,0,001724,
2026-08-19 14:45:57,7,5728,49,5300,1,8711,1,9066,12,1921,86,0781,0,001726,
2026-08-19 14:45:57,7,5728,49,5300,1,8711,1,9066,12,1921,86,0781,0,001727,
2026-08-19 14:45:57,7,5728,49,5300,1,8711,1,9066,12,1921,86,0781,0,001729,
2026-08-19 14:45:57,7,5728,49,5300,1,8711,1,9066,12,1921,86,0781,0,001732,
2026-08-19 14:45:58,7,5728,49,5300,1,8711,1,9066,12,1921,86,0781,0,001734,
2026-08-19 14:45:58,7,5728,49,5300,1,8711,1,9066,12,1921,86,0781,0,001736,
2026-08-19 14:45:58,7,5728,49,5300,1,8711,1,9066,12,1921,86,0781,0,001737,
2026-08-19 14:45:58,7,5728,49,5300,1,8711,1,9066,12,1921,86,0781,0,001739,
2026-08-19 14:45:58,7,5728,49,5300,1,8711,1,9066,12,1921,86,0781,0,001741,
2026-08-19 14:45:58,7,5728,49,5300,1,8711,1,9066,12,1921,86,0781,0,001743,
2026-08-19 14:45:58,7,5728,49,5300,1,8711,1,9066,12,1921,86,0781,0,001745,
2026-08-19 14:45:58,7,5728,49,5300,1,8711,1,9066,12,1921,86,0781,0,001747,
2026-08-19 14:45:58,7,5728,49,5300,1,8711,1,9066,12,1921,86,0781,0,001749,
2026-08-19 14:45:58,7,5728,49,5300,1,8711,1,9066,12,1921,86,0781,0,001751,
2026-08-19 14:45:58,7,5728,49,5300,1,8711,1,9066,12,1921,86,0781,0,001753,
2026-08-19 14:45:58,7,5728,49,5300,1,8711,1,9066,12,1921,86,0781,0,001755,
2026-08-19 14:45:58,7,5728,49,5300,1,8711,1,9066,12,1921,86,0781,0,001757,
2026-08-19 14:45:58,7,5728,49,5300,1,8711,1,9066,12,1921,86,0781,0,001758,
2026-08-19 14:45:58,7,5728,49,5300,1,8711,1,9066,12,1921,86,0781,0,001761,
2026-08-19 14:45:58,7,5728,49,5300,1,8711,1,9066,12,1921,86,0781,0,001763,
2026-08-19 14:45:58,7,5728,49,5300,1,8711,1,9066,12,1921,86,0781,0,001764,
2026-08-19 14:45:58,7,5728,49,5300,1,8711,1,9066,12,1921,86,0781,0,001766,
2026-08-19 14:45:58,7,5728,49,5300,1,8711,1,9066,12,1921,86,0781,0,001768,
2026-08-19 14:45:58,7,5728,49,5300,1,8711,1,9066,12,1921,86,0781,0,001770,
2026-08-19 14:45:59,7,5728,49,5300,1,8711,1,9066,12,1921,86,0781,0,001773,
2026-08-19 14:45:59,7,5728,49,5300,1,8711,1,9066,12,1921,86,0781,0,001775,
2026-08-19 14:45:59,7,5728,49,5300,1,8711,1,9066,12,1921,86,0781,0,001777,
2026-08-19 14:45:59,7,5728,49,5300,1,8711,1,9066,12,1921,86,0781,0,001779,
2026-08-19 14:45:59,7,5728,49,5300,1,8711,1,9066,12,1921,86,0781,0,001781,
2026-08-19 14:45:59,7,5728,49,5300,1,8711,1,9066,12,1921,86,0781,0,001783,
2026-08-19 14:45:59,7,5728,49,5300,1,8711,1,9066,12,1921,86,0781,0,001785,
2026-08-19 14:45:59,7,5728,49,5300,1,8711,1,9066,12,1921,86,0781,0,001786,
2026-08-19 14:45:59,7,5728,49,5300,1,8711,1,9066,12,1921,86,0781,0,001788,
2026-08-19 14:45:59,7,5728,49,5300,1,8711,1,9066,12,1921,86,0781,0,001790,
2026-08-19 14:45:59,7,5728,49,5300,1,8711,1,9066,12,1921,86,0781,0,001792,
2026-08-19 14:45:59,7,5728,49,5300,1,8711,1,9066,12,1921,86,0781,0,001793,
2026-08-19 14:45:59,7,5728,49,5300,1,8711,1,9066,12,1921,86,0781,0,001795,
2026-08-19 14:45:59,7,5728,49,5300,1,8711,1,9066,12,1921,86,0781,0,001797,
2026-08-19 14:45:59,7,5728,49,5300,1,8711,1,9066,12,1921,86,0781,0,001798,
2026-08-19 14:45:59,7,5728,49,5300,1,8711,1,9066,12,1921,86,0781,0,001800,
2026-08-19 14:45:59,7,5728,49,5300,1,8711,1,9066,12,1921,86,0781,0,001803,
2026-08-19 14:45:59,7,5728,49,5300,1,8711,1,9066,12,1921,86,0781,0,001806,
2026-08-19 14:45:59,7,5728,49,5300,1,8711,1,9066,12,1921,86,0781,0,001807,
2026-08-19 14:46:00,7,5728,49,5300,1,8711,1,9066,12,1921,86,0781,0,001809,
2026-08-19 14:46:00,7,5728,49,5300,1,8711,1,9066,12,1921,86,0781,0,001811,
2026-08-19 14:46:00,7,5728,49,5300,1,8711,1,9066,12,1921,86,0781,0,001813,
2026-08-19 14:46:00,7,5728,49,5300,1,8711,1,9066,12,1921,86,0781,0,001815,
2026-08-19 14:46:00,7,5728,49,5300,1,8711,1,9066,12,1921,86,0781,0,001816,
2026-08-19 14:46:00,7,5728,49,5300,1,8711,1,9066,12,1921,86,0781,0,001818,
2026-08-19 14:46:00,7,5728,49,5300,1,8711,1,9066,12,1921,86,0781,0,001823,
2026-08-19 14:46:00,7,5728,49,5300,1,8711,1,9066,12,1921,86,0781,0,001825,
2026-08-19 14:46:00,7,5728,49,5300,1,8711,1,9066,12,1921,86,0781,0,001827,
2026-08-19 14:46:00,7,5728,49,5300,1,8711,1,9066,12,1921,86,0781,0,001829,
2026-08-19 14:46:00,7,5728,49,5300,1,8711,1,9066,12,1921,86,0781,0,001830,
2026-08-19 14:46:00,7,5728,49,5300,1,8711,1,9066,12,1921,86,0781,0,001832,
2026-08-19 14:46:00,7,5728,49,5300,1,8711,1,9066,12,1921,86,0781,0,001834,
2026-08-19 14:46:00,7,5728,49,5300,1,8711,1,9066,12,1921,86,0781,0,001835,
2026-08-19 14:46:00,7,5728,49,5300,1,8711,1,9066,12,1921,86,0781,0,001838,
2026-08-19 14:46:00,7,5728,49,5300,1,8711,1,9066,12,1921,86,0781,0,001839,
2026-08-19 14:46:00,7,5728,49,5300,1,8711,1,9066,12,1921,86,0781,0,001841,
2026-08-19 14:46:00,7,5728,49,5300,1,8711,1,9066,12,1921,86,0781,0,001843,
2026-08-19 14:46:00,7,5728,49,5300,1,8711,1,9066,12,1921,86,0781,0,001845,
2026-08-19 14:46:01,7,5728,49,5300,1,8711,1,9066,12,1921,86,0781,0,001846,
2026-08-19 14:46:01,7,5728,49,5300,1,8711,1,9066,12,1921,86,0781,0,001848,
2026-08-19 14:46:01,7,5728,49,5300,1,8711,1,9066,12,1921,86,0781,0,001849,
2026-08-19 14:46:01,7,5728,49,5300,1,8711,1,9066,12,1921,86,0781,0,001851,
2026-08-19 14:46:01,7,5728,49,5300,1,8711,1,9066,12,1921,86,0781,0,001852,
2026-08-19 14:46:01,7,5728,49,5300,1,8711,1,9066,12,1921,86,0781,0,001855,
2026-08-19 14:46:01,7,5728,49,5300,1,8711,1,9066,12,1921,86,0781,0,001857,
2026-08-19 14:46:01,7,5728,49,5300,1,8711,1,9066,12,1921,86,0781,0,001859,
2026-08-19 14:46:01,7,5728,49,5300,1,8711,1,9066,12,1921,86,0781,0,001861,
2026-08-19 14:46:01,7,5728,49,5300,1,8711,1,9066,12,1921,86,0781,0,001863,
2026-08-19 14:46:01,7,5728,49,5300,1,8711,1,9066,12,1921,86,0781,0,001865,
2026-08-19 14:46:01,7,5728,49,5300,1,8711,1,9066,12,1921,86,0781,0,001867,
2026-08-19 14:46:01,7,5728,49,5300,1,8711,1,9066,12,1921,86,0781,0,001869,
2026-08-19 14:46:01,7,5728,49,5300,1,8711,1,9066,12,1921,86,0781,0,001870,
2026-08-19 14:46:01,7,5728,49,5300,1,8711,1,9066,12,1921,86,0781,0,001871,
2026-08-19 14:46:01,7,5728,49,5300,1,8711,1,9066,12,1921,86,0781,0,001873,
2026-08-19 14:46:01,7,5728,49,5300,1,8711,1,9066,12,1921,86,0781,0,001874,
2026-08-19 14:46:01,7,5728,49,5300,1,8711,1,9066,12,1921,86,0781,0,001875,
2026-08-19 14:46:01,7,5728,49,5300,1,8711,1,9066,12,1921,86,0781,0,001877,
2026-08-19 14:46:01,7,5728,49,5300,1,8711,1,9066,12,1921,86,0781,0,001878,
2026-08-19 14:46:01,7,5728,49,5300,1,8711,1,9066,12,1921,86,0781,0,001879,
2026-08-19 14:46:01,7,5728,49,5300,1,8711,1,9066,12,1921,86,0781,0,001881,
2026-08-19 14:46:01,7,5728,49,5300,1,8711,1,9066,12,1921,86,0781,0,001882,
2026-08-19 14:46:02,7,5728,49,5300,1,8711,1,9066,12,1921,86,0781,0,001883,
2026-08-19 14:46:02,7,5728,49,5300,1,8711,1,9066,12,1921,86,0781,0,001885,
2026-08-19 14:46:02,7,5728,49,5300,1,8711,1,9066,12,1921,86,0781,0,001887,
2026-08-19 14:46:02,7,5728,49,5300,1,8711,1,9066,12,1921,86,0781,0,001889,
2026-08-19 14:46:02,7,5728,49,5300,1,8711,1,9066,12,1921,86,0781,0,001890,
2026-08-19 14:46:02,7,5728,49,5300,1,8711,1,9066,12,1921,86,0781,0,001892,
2026-08-19 14:46:02,7,5728,49,5300,1,8711,1,9066,12,1921,86,0781,0,001893,
2026-08-19 14:46:02,7,5728,49,5300,1,8711,1,9066,12,1921,86,0781,0,001897,
2026-08-19 14:46:02,7,5728,49,5300,1,8711,1,9066,12,1921,86,0781,0,001899,
2026-08-19 14:46:02,7,5728,49,5300,1,8711,1,9066,12,1921,86,0781,0,001900,
2026-08-19 14:46:02,7,5728,49,5300,1,8711,1,9066,12,1921,86,0781,0,001902,
2026-08-19 14:46:02,7,5728,49,5300,1,8711,1,9066,12,1921,86,0781,0,001904,
2026-08-19 14:46:02,7,5728,49,5300,1,8711,1,9066,12,1921,86,0781,0,001906,
2026-08-19 14:46:02,7,5728,49,5300,1,8711,1,9066,12,1921,86,0781,0,001908,
2026-08-19 14:46:02,7,5728,49,5300,1,8711,1,9066,12,1921,86,0781,0,001910,
2026-08-19 14:46:02,7,5728,49,5300,1,8711,1,9066,12,1921,86,0781,0,001912,
2026-08-19 14:46:02,7,5728,49,5300,1,8711,1,9066,12,1921,86,0781,0,001913,
2026-08-19 14:46:02,7,5728,49,5300,1,8711,1,9066,12,1921,86,0781,0,001915,
2026-08-19 14:46:02,7,5728,49,5300,1,8711,1,9066,12,1921,86,0781,0,001916,
2026-08-19 14:46:02,7,5728,49,5300,1,8711,1,9066,12,1921,86,0781,0,001918,
2026-08-19 14:46:02,7,5728,49,5300,1,8711,1,9066,12,1921,86,0781,0,001919,
2026-08-19 14:46:03,7,5728,49,5300,1,8711,1,9066,12,1921,86,0781,0,001921,
2026-08-19 14:46:03,7,5728,49,5300,1,8711,1,9066,12,1921,86,0781,0,001923,
2026-08-19 14:46:03,7,5728,49,5300,1,8711,1,9066,12,1921,86,0781,0,001925,
2026-08-19 14:46:03,7,5728,49,5300,1,8711,1,9066,12,1921,86,0781,0,001926,
2026-08-19 14:46:03,7,5728,49,5300,1,8711,1,9066,12,1921,86,0781,0,001928,
2026-08-19 14:46:03,7,5728,49,5300,1,8711,1,9066,12,1921,86,0781,0,001930,
2026-08-19 14:46:03,7,5728,49,5300,1,8711,1,9066,12,1921,86,0781,0,001931,
2026-08-19 14:46:03,7,5728,49,5300,1,8711,1,9066,12,1921,86,0781,0,001932,
2026-08-19 14:46:03,7,5728,49,5300,1,8711,1,9066,12,1921,86,0781,0,001934,
2026-08-19 14:46:03,7,5728,49,5300,1,8711,1,9066,12,1921,86,0781,0,001935,
2026-08-19 14:46:03,7,5728,49,5300,1,8711,1,9066,12,1921,86,0781,0,001937,
2026-08-19 14:46:03,7,5728,49,5300,1,8711,1,9066,12,1921,86,0781,0,001938,
2026-08-19 14:46:03,7,5728,49,5300,1,8711,1,9066,12,1921,86,0781,0,001939,
2026-08-19 14:46:03,7,5728,49,5300,1,8711,1,9066,12,1921,86,0781,0,001941,
2026-08-19 14:46:03,7,5728,49,5300,1,8711,1,9066,12,1921,86,0781,0,001943,
2026-08-19 14:46:03,7,5728,49,5300,1,8711,1,9066,12,1921,86,0781,0,001944,
2026-08-19 14:46:03,7,5728,49,5300,1,8711,1,9066,12,1921,86,0781,0,001946,
2026-08-19 14:46:03,7,5728,49,5300,1,8711,1,9066,12,1921,86,0781,0,001948,
2026-08-19 14:46:03,7,5728,49,5300,1,8711,1,9066,12,1921,86,0781,0,001950,
2026-08-19 14:46:03,7,5728,49,5300,1,8711,1,9066,12,1921,86,0781,0,001951,
2026-08-19 14:46:03,9,7607,49,4257,1,8672,1,9106,12,1921,86,0782,0,003563,
2026-08-19 14:46:03,9,7607,49,4257,1,8672,1,9106,12,1921,86,0782,0,003566,
2026-08-19 14:46:04,9,7607,49,4257,1,8672,1,9106,12,1921,86,0782,0,003570,
2026-08-19 14:46:04,9,7607,49,4257,1,8672,1,9106,12,1921,86,0782,0,003572,
2026-08-19 14:46:04,9,7607,49,4257,1,8672,1,9106,12,1921,86,0782,0,003576,
2026-08-19 14:46:04,9,7607,49,4257,1,8672,1,9106,12,1921,86,0782,0,003579,
2026-08-19 14:46:04,9,7607,49,4257,1,8672,1,9106,12,1921,86,0782,0,003582,
2026-08-19 14:46:04,9,7607,49,4257,1,8672,1,9106,12,1921,86,0782,0,003585,
2026-08-19 14:46:04,9,7607,49,4257,1,8672,1,9106,12,1921,86,0782,0,003589,
2026-08-19 14:46:04,9,7607,49,4257,1,8672,1,9106,12,1921,86,0782,0,003592,
2026-08-19 14:46:04,9,7607,49,4257,1,8672,1,9106,12,1921,86,0782,0,003594,
2026-08-19 14:46:04,9,7607,49,4257,1,8672,1,9106,12,1921,86,0782,0,003596,
2026-08-19 14:46:04,9,7607,49,4257,1,8672,1,9106,12,1921,86,0782,0,003599,
2026-08-19 14:46:04,9,7607,49,4257,1,8672,1,9106,12,1921,86,0782,0,003602,
2026-08-19 14:46:04,9,7607,49,4257,1,8672,1,9106,12,1921,86,0782,0,003605,
2026-08-19 14:46:04,9,7607,49,4257,1,8672,1,9106,12,1921,86,0782,0,003608,
2026-08-19 14:46:04,9,7607,49,4257,1,8672,1,9106,12,1921,86,0782,0,003610,
2026-08-19 14:46:04,9,7607,49,4257,1,8672,1,9106,12,1921,86,0782,0,003614,
2026-08-19 14:46:04,9,7607,49,4257,1,8672,1,9106,12,1921,86,0782,0,003617,
2026-08-19 14:46:04,9,7607,49,4257,1,8672,1,9106,12,1921,86,0782,0,003620,
2026-08-19 14:46:04,9,7607,49,4257,1,8672,1,9106,12,1921,86,0782,0,003622,
2026-08-19 14:46:04,9,7607,49,4257,1,8672,1,9106,12,1921,86,0782,0,003624,
2026-08-19 14:46:04,9,7607,49,4257,1,8672,1,9106,12,1921,86,0782,0,003626,
2026-08-19 14:46:04,9,7607,49,4257,1,8672,1,9106,12,1921,86,0782,0,003628,
2026-08-19 14:46:04,9,7607,49,4257,1,8672,1,9106,12,1921,86,0782,0,003630,
2026-08-19 14:46:04,9,7607,49,4257,1,8672,1,9106,12,1921,86,0782,0,003632,
2026-08-19 14:46:04,9,7607,49,4257,1,8672,1,9106,12,1921,86,0782,0,003634,
2026-08-19 14:46:04,9,7607,49,4257,1,8672,1,9106,12,1921,86,0782,0,003637,
2026-08-19 14:46:05,9,7607,49,4257,1,8672,1,9106,12,1921,86,0782,0,003639,
2026-08-19 14:46:05,9,7607,49,4257,1,8672,1,9106,12,1921,86,0782,0,003641,
2026-08-19 14:46:05,9,7607,49,4257,1,8672,1,9106,12,1921,86,0782,0,003643,
2026-08-19 14:46:05,9,7607,49,4257,1,8672,1,9106,12,1921,86,0782,0,003645,
2026-08-19 14:46:05,9,7607,49,4257,1,8672,1,9106,12,1921,86,0782,0,003647,
2026-08-19 14:46:05,9,7607,49,4257,1,8672,1,9106,12,1921,86,0782,0,003649,
2026-08-19 14:46:05,9,7607,49,4257,1,8672,1,9106,12,1921,86,0782,0,003651,
2026-08-19 14:46:05,9,7607,49,4257,1,8672,1,9106,12,1921,86,0782,0,003653,
2026-08-19 14:46:05,9,7607,49,4257,1,8672,1,9106,12,1921,86,0782,0,003656,
2026-08-19 14:46:05,9,7607,49,4257,1,8672,1,9106,12,1921,86,0782,0,003658,
2026-08-19 14:46:05,9,7607,49,4257,1,8672,1,9106,12,1921,86,0782,0,003661,
2026-08-19 14:46:05,9,7607,49,4257,1,8672,1,9106,12,1921,86,0782,0,003663,
2026-08-19 14:46:05,9,7607,49,4257,1,8672,1,9106,12,1921,86,0782,0,003665,
2026-08-19 14:46:05,9,7607,49,4257,1,8672,1,9106,12,1921,86,0782,0,003667,
2026-08-19 14:46:05,9,7607,49,4257,1,8672,1,9106,12,1921,86,0782,0,003669,
2026-08-19 14:46:05,9,7607,49,4257,1,8672,1,9106,12,1921,86,0782,0,003671,
2026-08-19 14:46:05,9,7607,49,4257,1,8672,1,9106,12,1921,86,0782,0,003674,
2026-08-19 14:46:05,9,7607,49,4257,1,8672,1,9106,12,1921,86,0782,0,003676,
2026-08-19 14:46:05,9,7607,49,4257,1,8672,1,9106,12,1921,86,0782,0,003678,
2026-08-19 14:46:05,9,7607,49,4257,1,8672,1,9106,12,1921,86,0782,0,003680,
2026-08-19 14:46:05,9,7607,49,4257,1,8672,1,9106,12,1921,86,0782,0,003682,
2026-08-19 14:46:05,9,7607,49,4257,1,8672,1,9106,12,1921,86,0782,0,003684,
2026-08-19 14:46:05,9,7607,49,4257,1,8672,1,9106,12,1921,86,0782,0,003686,
2026-08-19 14:46:05,9,7607,49,4257,1,8672,1,9106,12,1921,86,0782,0,003688,
2026-08-19 14:46:05,9,7607,49,4257,1,8672,1,9106,12,1921,86,0782,0,003690,
2026-08-19 14:46:05,9,7607,49,4257,1,8672,1,9106,12,1921,86,0782,0,003693,
2026-08-19 14:46:05,9,7607,49,4257,1,8672,1,9106,12,1921,86,0782,0,003699,
2026-08-19 14:46:05,9,7607,49,4257,1,8672,1,9106,12,1921,86,0782,0,003702,
2026-08-19 14:46:06,9,7607,49,4257,1,8672,1,9106,12,1921,86,0782,0,003705,
2026-08-19 14:46:06,9,7607,49,4257,1,8672,1,9106,12,1921,86,0782,0,003708,
2026-08-19 14:46:06,9,7607,49,4257,1,8672,1,9106,12,1921,86,0782,0,003710,
2026-08-19 14:46:06,9,7607,49,4257,1,8672,1,9106,12,1921,86,0782,0,003713,
2026-08-19 14:46:06,9,7607,49,4257,1,8672,1,9106,12,1921,86,0782,0,003717,
2026-08-19 14:46:06,9,7607,49,4257,1,8672,1,9106,12,1921,86,0782,0,003720,
2026-08-19 14:46:06,9,7607,49,4257,1,8672,1,9106,12,1921,86,0782,0,003723,
2026-08-19 14:46:06,9,7607,49,4257,1,8672,1,9106,12,1921,86,0782,0,003726,
2026-08-19 14:46:06,9,7607,49,4257,1,8672,1,9106,12,1921,86,0782,0,003728,
2026-08-19 14:46:06,9,7607,49,4257,1,8672,1,9106,12,1921,86,0782,0,003730,
2026-08-19 14:46:06,9,7607,49,4257,1,8672,1,9106,12,1921,86,0782,0,003732,
2026-08-19 14:46:06,9,7607,49,4257,1,8672,1,9106,12,1921,86,0782,0,003734,
2026-08-19 14:46:06,9,7607,49,4257,1,8672,1,9106,12,1921,86,0782,0,003736,
2026-08-19 14:46:06,9,7607,49,4257,1,8672,1,9106,12,1921,86,0782,0,003739,
2026-08-19 14:46:06,9,7607,49,4257,1,8672,1,9106,12,1921,86,0782,0,003742,
2026-08-19 14:46:06,9,7607,49,4257,1,8672,1,9106,12,1921,86,0782,0,003744,
2026-08-19 14:46:06,9,7607,49,4257,1,8672,1,9106,12,1921,86,0782,0,003746,
2026-08-19 14:46:06,9,7607,49,4257,1,8672,1,9106,12,1921,86,0782,0,003748,
2026-08-19 14:46:06,9,7607,49,4257,1,8672,1,9106,12,1921,86,0782,0,003750,
2026-08-19 14:46:06,9,7607,49,4257,1,8672,1,9106,12,1921,86,0782,0,003753,
2026-08-19 14:46:06,9,7607,49,4257,1,8672,1,9106,12,1921,86,0782,0,003755,
2026-08-19 14:46:06,9,7607,49,4257,1,8672,1,9106,12,1921,86,0782,0,003757,
2026-08-19 14:46:06,9,7607,49,4257,1,8672,1,9106,12,1921,86,0782,0,003759,
2026-08-19 14:46:06,9,7607,49,4257,1,8672,1,9106,12,1921,86,0782,0,003761,
2026-08-19 14:46:06,9,7607,49,4257,1,8672,1,9106,12,1921,86,0782,0,003763,
2026-08-19 14:46:06,9,7607,49,4257,1,8672,1,9106,12,1921,86,0782,0,003765,
2026-08-19 14:46:06,9,7607,49,4257,1,8672,1,9106,12,1921,86,0782,0,003767,
2026-08-19 14:46:06,9,7607,49,4257,1,8672,1,9106,12,1921,86,0782,0,003769,
2026-08-19 14:46:06,9,7607,49,4257,1,8672,1,9106,12,1921,86,0782,0,003772,
2026-08-19 14:46:07,9,7607,49,4257,1,8672,1,9106,12,1921,86,0782,0,003774,
2026-08-19 14:46:07,9,7607,49,4257,1,8672,1,9106,12,1921,86,0782,0,003776,
2026-08-19 14:46:07,9,7607,49,4257,1,8672,1,9106,12,1921,86,0782,0,003778,
2026-08-19 14:46:07,9,7607,49,4257,1,8672,1,9106,12,1921,86,0782,0,003780,
2026-08-19 14:46:07,9,7607,49,4257,1,8672,1,9106,12,1921,86,0782,0,003782,
2026-08-19 14:46:07,9,7607,49,4257,1,8672,1,9106,12,1921,86,0782,0,003784,
2026-08-19 14:46:07,9,7607,49,4257,1,8672,1,9106,12,1921,86,0782,0,003786,
2026-08-19 14:46:07,9,7607,49,4257,1,8672,1,9106,12,1921,86,0782,0,003788,
2026-08-19 14:46:07,9,7607,49,4257,1,8672,1,9106,12,1921,86,0782,0,003790,
2026-08-19 14:46:07,9,7607,49,4257,1,8672,1,9106,12,1921,86,0782,0,003793,
2026-08-19 14:46:07,9,7607,49,4257,1,8672,1,9106,12,1921,86,0782,0,003795,
2026-08-19 14:46:07,9,7607,49,4257,1,8672,1,9106,12,1921,86,0782,0,003797,
2026-08-19 14:46:07,9,7607,49,4257,1,8672,1,9106,12,1921,86,0782,0,003799,
2026-08-19 14:46:07,9,7607,49,4257,1,8672,1,9106,12,1921,86,0782,0,003801,
2026-08-19 14:46:07,9,7607,49,4257,1,8672,1,9106,12,1921,86,0782,0,003803,
2026-08-19 14:46:07,9,7607,49,4257,1,8672,1,9106,12,1921,86,0782,0,003805,
2026-08-19 14:46:07,9,7607,49,4257,1,8672,1,9106,12,1921,86,0782,0,003808,
2026-08-19 14:46:07,9,7607,49,4257,1,8672,1,9106,12,1921,86,0782,0,003810,
2026-08-19 14:46:07,9,7607,49,4257,1,8672,1,9106,12,1921,86,0782,0,003812,
2026-08-19 14:46:07,9,7607,49,4257,1,8672,1,9106,12,1921,86,0782,0,003814,
2026-08-19 14:46:07,9,7607,49,4257,1,8672,1,9106,12,1921,86,0782,0,003816,
2026-08-19 14:46:07,9,7607,49,4257,1,8672,1,9106,12,1921,86,0782,0,003818,
2026-08-19 14:46:07,9,7607,49,4257,1,8672,1,9106,12,1921,86,0782,0,003820,
2026-08-19 14:46:07,9,7607,49,4257,1,8672,1,9106,12,1921,86,0782,0,003822,
2026-08-19 14:46:07,9,7607,49,4257,1,8672,1,9106,12,1921,86,0782,0,003824,
2026-08-19 14:46:07,9,7607,49,4257,1,8672,1,9106,12,1921,86,0782,0,003826,
2026-08-19 14:46:07,9,7607,49,4257,1,8672,1,9106,12,1921,86,0782,0,003828,
2026-08-19 14:46:07,9,7607,49,4257,1,8672,1,9106,12,1921,86,0782,0,003831,
2026-08-19 14:46:07,9,7607,49,4257,1,8672,1,9106,12,1921,86,0782,0,003833,
2026-08-19 14:46:07,9,7607,49,4257,1,8672,1,9106,12,1921,86,0782,0,003835,
2026-08-19 14:46:07,9,7607,49,4257,1,8672,1,9106,12,1921,86,0782,0,003837,
2026-08-19 14:46:07,9,7607,49,4257,1,8672,1,9106,12,1921,86,0782,0,003839,
2026-08-19 14:46:08,9,7607,49,4257,1,8672,1,9106,12,1921,86,0782,0,003842,
2026-08-19 14:46:08,9,7607,49,4257,1,8672,1,9106,12,1921,86,0782,0,003844,
2026-08-19 14:46:08,9,7607,49,4257,1,8672,1,9106,12,1921,86,0782,0,003846,
2026-08-19 14:46:08,9,7607,49,4257,1,8672,1,9106,12,1921,86,0782,0,003848,
2026-08-19 14:46:08,9,7607,49,4257,1,8672,1,9106,12,1921,86,0782,0,003850,
2026-08-19 14:46:08,9,7607,49,4257,1,8672,1,9106,12,1921,86,0782,0,003852,
2026-08-19 14:46:08,9,7607,49,4257,1,8672,1,9106,12,1921,86,0782,0,003854,
2026-08-19 14:46:08,9,7607,49,4257,1,8672,1,9106,12,1921,86,0782,0,003856,
2026-08-19 14:46:08,9,7607,49,4257,1,8672,1,9106,12,1921,86,0782,0,003858,
2026-08-19 14:46:08,9,7607,49,4257,1,8672,1,9106,12,1921,86,0782,0,003861,
2026-08-19 14:46:08,9,7607,49,4257,1,8672,1,9106,12,1921,86,0782,0,003863,
2026-08-19 14:46:08,9,7607,49,4257,1,8672,1,9106,12,1921,86,0782,0,003865,
2026-08-19 14:46:08,9,7607,49,4257,1,8672,1,9106,12,1921,86,0782,0,003867,
2026-08-19 14:46:08,9,7607,49,4257,1,8672,1,9106,12,1921,86,0782,0,003869,
2026-08-19 14:46:08,9,7607,49,4257,1,8672,1,9106,12,1921,86,0782,0,003871,
2026-08-19 14:46:08,9,7607,49,4257,1,8672,1,9106,12,1921,86,0782,0,003874,
2026-08-19 14:46:08,9,7607,49,4257,1,8672,1,9106,12,1921,86,0782,0,003876,
2026-08-19 14:46:08,9,7607,49,4257,1,8672,1,9106,12,1921,86,0782,0,003879,
2026-08-19 14:46:08,9,7607,49,4257,1,8672,1,9106,12,1921,86,0782,0,003882,
2026-08-19 14:46:08,9,7607,49,4257,1,8672,1,9106,12,1921,86,0782,0,003884,
2026-08-19 14:46:08,9,7607,49,4257,1,8672,1,9106,12,1921,86,0782,0,003887,
2026-08-19 14:46:08,9,7607,49,4257,1,8672,1,9106,12,1921,86,0782,0,003890,
2026-08-19 14:46:08,9,7607,49,4257,1,8672,1,9106,12,1921,86,0782,0,003892,
2026-08-19 14:46:08,9,7607,49,4257,1,8672,1,9106,12,1921,86,0782,0,003894,
2026-08-19 14:46:08,9,7607,49,4257,1,8672,1,9106,12,1921,86,0782,0,003896,
2026-08-19 14:46:08,9,7607,49,4257,1,8672,1,9106,12,1921,86,0782,0,003898,
2026-08-19 14:46:08,9,7607,49,4257,1,8672,1,9106,12,1921,86,0782,0,003900,
2026-08-19 14:46:08,9,7607,49,4257,1,8672,1,9106,12,1921,86,0782,0,003902,
2026-08-19 14:46:08,9,7607,49,4257,1,8672,1,9106,12,1921,86,0782,0,003905,
2026-08-19 14:46:08,9,7607,49,4257,1,8672,1,9106,12,1921,86,0782,0,003906,
2026-08-19 14:46:09,9,7607,49,4257,1,8672,1,9106,12,1921,86,0782,0,003909,
2026-08-19 14:46:09,9,7607,49,4257,1,8672,1,9106,12,1921,86,0782,0,003911,
2026-08-19 14:46:09,9,7607,49,4257,1,8672,1,9106,12,1921,86,0782,0,003920,
2026-08-19 14:46:09,9,7607,49,4257,1,8672,1,9106,12,1921,86,0782,0,003921,
2026-08-19 14:46:09,9,7607,49,4257,1,8672,1,9106,12,1921,86,0782,0,003924,
2026-08-19 14:46:09,9,7607,49,4257,1,8672,1,9106,12,1921,86,0782,0,003926,
2026-08-19 14:46:09,9,7607,49,4257,1,8672,1,9106,12,1921,86,0782,0,003928,
2026-08-19 14:46:09,9,7607,49,4257,1,8672,1,9106,12,1921,86,0782,0,003930,
2026-08-19 14:46:09,9,7607,49,4257,1,8672,1,9106,12,1921,86,0782,0,003932,
2026-08-19 14:46:09,9,7607,49,4257,1,8672,1,9106,12,1921,86,0782,0,003934,
2026-08-19 14:46:09,9,7607,49,4257,1,8672,1,9106,12,1921,86,0782,0,003936,
2026-08-19 14:46:09,9,7607,49,4257,1,8672,1,9106,12,1921,86,0782,0,003938,
2026-08-19 14:46:09,9,7607,49,4257,1,8672,1,9106,12,1921,86,0782,0,003940,
2026-08-19 14:46:09,9,7607,49,4257,1,8672,1,9106,12,1921,86,0782,0,003943,
2026-08-19 14:46:09,9,7607,49,4257,1,8672,1,9106,12,1921,86,0782,0,003945,
2026-08-19 14:46:09,9,7607,49,4257,1,8672,1,9106,12,1921,86,0782,0,003947,
2026-08-19 14:46:09,9,7607,49,4257,1,8672,1,9106,12,1921,86,0782,0,003949,
2026-08-19 14:46:09,9,7607,49,4257,1,8672,1,9106,12,1921,86,0782,0,003951,
2026-08-19 14:46:09,9,7607,49,4257,1,8672,1,9106,12,1921,86,0782,0,003953,
2026-08-19 14:46:09,9,7607,49,4257,1,8672,1,9106,12,1921,86,0782,0,003956,
2026-08-19 14:46:09,9,7607,49,4257,1,8672,1,9106,12,1921,86,0782,0,003959,
2026-08-19 14:46:09,9,7607,49,4257,1,8672,1,9106,12,1921,86,0782,0,003961,
2026-08-19 14:46:09,9,7607,49,4257,1,8672,1,9106,12,1921,86,0782,0,003963,
2026-08-19 14:46:09,9,7607,49,4257,1,8672,1,9106,12,1921,86,0782,0,003965,
2026-08-19 14:46:09,9,7607,49,4257,1,8672,1,9106,12,1921,86,0782,0,003967,
2026-08-19 14:46:09,9,7607,49,4257,1,8672,1,9106,12,1921,86,0782,0,003969,
2026-08-19 14:46:09,9,7607,49,4257,1,8672,1,9106,12,1921,86,0782,0,003971,
2026-08-19 14:46:09,9,7607,49,4257,1,8672,1,9106,12,1921,86,0782,0,003974,
2026-08-19 14:46:09,9,7607,49,4257,1,8672,1,9106,12,1921,86,0782,0,003976,
2026-08-19 14:46:10,9,7607,49,4257,1,8672,1,9106,12,1921,86,0782,0,003978,
2026-08-19 14:46:10,9,7607,49,4257,1,8672,1,9106,12,1921,86,0782,0,003980,
2026-08-19 14:46:10,9,7607,49,4257,1,8672,1,9106,12,1921,86,0782,0,003982,
2026-08-19 14:46:10,9,7607,49,4257,1,8672,1,9106,12,1921,86,0782,0,003984,
2026-08-19 14:46:10,9,7607,49,4257,1,8672,1,9106,12,1921,86,0782,0,003986,
2026-08-19 14:46:10,9,7607,49,4257,1,8672,1,9106,12,1921,86,0782,0,003988,
2026-08-19 14:46:10,9,7607,49,4257,1,8672,1,9106,12,1921,86,0782,0,003991,
2026-08-19 14:46:10,9,7607,49,4257,1,8672,1,9106,12,1921,86,0782,0,003993,
2026-08-19 14:46:10,9,7607,49,4257,1,8672,1,9106,12,1921,86,0782,0,003995,
2026-08-19 14:46:10,9,7607,49,4257,1,8672,1,9106,12,1921,86,0782,0,003997,
2026-08-19 14:46:10,9,7607,49,4257,1,8672,1,9106,12,1921,86,0782,0,003999,
2026-08-19 14:46:10,9,7607,49,4257,1,8672,1,9106,12,1921,86,0782,0,004001,
2026-08-19 14:46:10,9,7607,49,4257,1,8672,1,9106,12,1921,86,0782,0,004003,
2026-08-19 14:46:10,9,7607,49,4257,1,8672,1,9106,12,1921,86,0782,0,004005,
2026-08-19 14:46:10,9,7607,49,4257,1,8672,1,9106,12,1921,86,0782,0,004008,
2026-08-19 14:46:10,9,7607,49,4257,1,8672,1,9106,12,1921,86,0782,0,004009,
2026-08-19 14:46:10,9,7607,49,4257,1,8672,1,9106,12,1921,86,0782,0,004012,
2026-08-19 14:46:10,9,7607,49,4257,1,8672,1,9106,12,1921,86,0782,0,004014,
2026-08-19 14:46:10,9,7607,49,4257,1,8672,1,9106,12,1921,86,0782,0,004016,
2026-08-19 14:46:10,9,7607,49,4257,1,8672,1,9106,12,1921,86,0782,0,004018,
2026-08-19 14:46:10,9,7607,49,4257,1,8672,1,9106,12,1921,86,0782,0,004020,
2026-08-19 14:46:10,9,7607,49,4257,1,8672,1,9106,12,1921,86,0782,0,004023,
2026-08-19 14:46:10,9,7607,49,4257,1,8672,1,9106,12,1921,86,0782,0,004026,
2026-08-19 14:46:10,9,7607,49,4257,1,8672,1,9106,12,1921,86,0782,0,004028,
2026-08-19 14:46:10,9,7607,49,4257,1,8672,1,9106,12,1921,86,0782,0,004030,
2026-08-19 14:46:10,9,7607,49,4257,1,8672,1,9106,12,1921,86,0782,0,004032,
2026-08-19 14:46:10,9,7607,49,4257,1,8672,1,9106,12,1921,86,0782,0,004034,
2026-08-19 14:46:10,9,7607,49,4257,1,8672,1,9106,12,1921,86,0782,0,004036,
2026-08-19 14:46:10,9,7607,49,4257,1,8672,1,9106,12,1921,86,0782,0,004038,
2026-08-19 14:46:10,9,7607,49,4257,1,8672,1,9106,12,1921,86,0782,0,004040,
2026-08-19 14:46:10,9,7607,49,4257,1,8672,1,9106,12,1921,86,0782,0,004043,
2026-08-19 14:46:11,9,7607,49,4257,1,8672,1,9106,12,1921,86,0782,0,004045,
2026-08-19 14:46:11,9,7607,49,4257,1,8672,1,9106,12,1921,86,0782,0,004047,
2026-08-19 14:46:11,9,7607,49,4257,1,8672,1,9106,12,1921,86,0782,0,004049,
2026-08-19 14:46:11,9,7607,49,4257,1,8672,1,9106,12,1921,86,0782,0,004052,
2026-08-19 14:46:11,9,7607,49,4257,1,8672,1,9106,12,1921,86,0782,0,004055,
2026-08-19 14:46:11,9,7607,49,4257,1,8672,1,9106,12,1921,86,0782,0,004057,
2026-08-19 14:46:11,9,7607,49,4257,1,8672,1,9106,12,1921,86,0782,0,004059,
2026-08-19 14:46:11,9,7607,49,4257,1,8672,1,9106,12,1921,86,0782,0,004061,
2026-08-19 14:46:11,9,7607,49,4257,1,8672,1,9106,12,1921,86,0782,0,004063,
2026-08-19 14:46:11,9,7607,49,4257,1,8672,1,9106,12,1921,86,0782,0,004065,
2026-08-19 14:46:11,9,7607,49,4257,1,8672,1,9106,12,1921,86,0782,0,004067,
2026-08-19 14:46:11,9,7607,49,4257,1,8672,1,9106,12,1921,86,0782,0,004069,
2026-08-19 14:46:11,9,7607,49,4257,1,8672,1,9106,12,1921,86,0782,0,004071,
2026-08-19 14:46:11,9,7607,49,4257,1,8672,1,9106,12,1921,86,0782,0,004074,
2026-08-19 14:46:11,9,7607,49,4257,1,8672,1,9106,12,1921,86,0782,0,004076,
2026-08-19 14:46:11,9,7607,49,4257,1,8672,1,9106,12,1921,86,0782,0,004078,
2026-08-19 14:46:11,9,7607,49,4257,1,8672,1,9106,12,1921,86,0782,0,004080,
2026-08-19 14:46:11,9,7607,49,4257,1,8672,1,9106,12,1921,86,0782,0,004082,
2026-08-19 14:46:11,9,7607,49,4257,1,8672,1,9106,12,1921,86,0782,0,004084,
2026-08-19 14:46:11,9,7607,49,4257,1,8672,1,9106,12,1921,86,0782,0,004086,
2026-08-19 14:46:11,9,7607,49,4257,1,8672,1,9106,12,1921,86,0782,0,004088,
2026-08-19 14:46:11,9,7607,49,4257,1,8672,1,9106,12,1921,86,0782,0,004090,
2026-08-19 14:46:11,9,7607,49,4257,1,8672,1,9106,12,1921,86,0782,0,004092,
2026-08-19 14:46:11,9,7607,49,4257,1,8672,1,9106,12,1921,86,0782,0,004094,
2026-08-19 14:46:11,9,7607,49,4257,1,8672,1,9106,12,1921,86,0782,0,004097,
2026-08-19 14:46:11,9,7607,49,4257,1,8672,1,9106,12,1921,86,0782,0,004099,
2026-08-19 14:46:11,9,7607,49,4257,1,8672,1,9106,12,1921,86,0782,0,004101,
2026-08-19 14:46:11,9,7607,49,4257,1,8672,1,9106,12,1921,86,0782,0,004103,
2026-08-19 14:46:11,9,7607,49,4257,1,8672,1,9106,12,1921,86,0782,0,004105,
2026-08-19 14:46:11,9,7607,49,4257,1,8672,1,9106,12,1921,86,0782,0,004107,
2026-08-19 14:46:11,9,7607,49,4257,1,8672,1,9106,12,1921,86,0782,0,004109,
2026-08-19 14:46:12,9,7607,49,4257,1,8672,1,9106,12,1921,86,0782,0,004111,
2026-08-19 14:46:12,9,7607,49,4257,1,8672,1,9106,12,1921,86,0782,0,004114,
2026-08-19 14:46:12,9,7607,49,4257,1,8672,1,9106,12,1921,86,0782,0,004116,
2026-08-19 14:46:12,9,7607,49,4257,1,8672,1,9106,12,1921,86,0782,0,004118,
2026-08-19 14:46:12,9,7607,49,4257,1,8672,1,9106,12,1921,86,0782,0,004120,
2026-08-19 14:46:12,9,7607,49,4257,1,8672,1,9106,12,1921,86,0782,0,004122,
2026-08-19 14:46:28,7,8061,48,7027,1,8399,1,9379,12,1921,86,0783,0,006679,
2026-08-19 14:46:58,1,2667,48,7198,1,8405,1,9372,12,1921,86,0784,0,006200,
2026-08-19 14:47:28,3,7333,48,7306,1,8409,1,9368,12,1921,86,0786,0,005964,
2026-08-19 14:47:58,4,7270,48,7471,1,8415,1,9362,12,1921,86,0787,0,005834,
2026-08-19 14:48:28,3,7000,48,0123,1,8138,1,9640,12,1921,86,0789,0,005746,
2026-08-19 14:48:58,5,6000,48,9919,1,8508,1,9270,12,1921,86,0699,0,005685,
2026-08-19 14:49:28,5,4667,49,1381,1,8563,1,9214,12,1921,86,0701,0,005642,
2026-08-19 14:49:58,5,4333,49,1362,1,8562,1,9215,12,1921,86,0702,0,005611,
2026-08-19 14:50:28,4,7333,49,1338,1,8562,1,9216,12,1921,86,0704,0,005531,
2026-08-21 13:06:11,0,0000,0,0000,0,0000,0,0000,0,0000,0,0000,0,000000,
2026-08-21 13:06:11,0,0000,0,0000,0,0000,0,0000,0,0000,0,0000,0,000000,
2026-08-21 13:06:12,0,0000,0,0000,0,0000,0,0000,0,0000,0,0000,0,000000,
2026-08-21 13:06:12,0,0000,0,0000,0,0000,0,0000,0,0000,0,0000,0,000000,
2026-08-21 13:06:13,0,0000,0,0000,0,0000,0,0000,0,0000,0,0000,0,000000,
2026-08-21 13:06:13,0,0000,0,0000,0,0000,0,0000,0,0000,0,0000,0,000000,
2026-08-21 13:06:13,0,0000,0,0000,0,0000,0,0000,0,0000,0,0000,0,000000,
2026-08-21 13:06:14,0,0000,0,0000,0,0000,0,0000,0,0000,0,0000,0,000000,
2026-08-21 13:06:14,0,0000,0,0000,0,0000,0,0000,0,0000,0,0000,0,000000,
2026-08-21 13:06:14,0,0000,0,0000,0,0000,0,0000,0,0000,0,0000,0,000000,
2026-08-21 13:06:14,0,0000,0,0000,0,0000,0,0000,0,0000,0,0000,0,000000,
2026-08-21 13:06:15,0,0000,0,0000,0,0000,0,0000,0,0000,0,0000,0,000000,
2026-08-21 13:06:15,0,0000,0,0000,0,0000,0,0000,0,0000,0,0000,0,000000,
2026-08-21 13:06:15,0,0000,0,0000,0,0000,0,0000,0,0000,0,0000,0,000000,
2026-08-21 13:06:16,0,0000,0,0000,0,0000,0,0000,0,0000,0,0000,0,000000,
2026-08-21 13:06:16,0,0000,0,0000,0,0000,0,0000,0,0000,0,0000,0,000000,
2026-08-21 13:06:16,0,0000,0,0000,0,0000,0,0000,0,0000,0,0000,0,000000,
2026-08-21 13:06:16,0,0000,0,0000,0,0000,0,0000,0,0000,0,0000,0,000000,
2026-08-21 13:06:17,0,0000,0,0000,0,0000,0,0000,0,0000,0,0000,0,000000,
2026-08-21 13:06:17,0,0000,0,0000,0,0000,0,0000,0,0000,0,0000,0,000000,
2026-08-21 13:06:17,0,0000,0,0000,0,0000,0,0000,0,0000,0,0000,0,000000,
2026-08-21 13:06:17,0,0000,0,0000,0,0000,0,0000,0,0000,0,0000,0,000000,
2026-08-21 13:06:18,0,0000,0,0000,0,0000,0,0000,0,0000,0,0000,0,000000,
2026-08-21 13:06:18,0,0000,0,0000,0,0000,0,0000,0,0000,0,0000,0,000000,
2026-08-21 13:06:18,0,0000,50,2356,1,8978,1,8800,12,1921,86,0485,0,000000,
2026-08-21 13:06:18,0,0000,50,2356,1,8978,1,8800,12,1921,86,0485,0,000000,
2026-08-21 13:06:19,0,0000,50,2356,1,8978,1,8800,12,1921,86,0485,0,000000,
2026-08-21 13:06:19,0,0000,50,2356,1,8978,1,8800,12,1921,86,0485,0,000000,
2026-08-21 13:06:20,0,0000,50,2356,1,8978,1,8800,12,1921,86,0485,0,000000,
2026-08-21 13:06:20,0,0000,50,2356,1,8978,1,8800,12,1921,86,0485,0,000000,
2026-08-21 13:06:20,0,0000,50,2356,1,8978,1,8800,12,1921,86,0485,0,000000,
2026-08-21 13:06:20,0,0000,50,2356,1,8978,1,8800,12,1921,86,0485,0,000000,
2026-08-21 13:06:20,0,0000,50,2356,1,8978,1,8800,12,1921,86,0485,0,000000,
2026-08-21 13:06:20,0,0000,50,2356,1,8978,1,8800,12,1921,86,0485,0,000000,
2026-08-21 13:06:20,0,0000,50,2356,1,8978,1,8800,12,1921,86,0485,0,000000,
2026-08-21 13:06:20,0,0000,50,2356,1,8978,1,8800,12,1921,86,0485,0,000000,
2026-08-21 13:06:20,0,0000,50,2356,1,8978,1,8800,12,1921,86,0485,0,000000,
2026-08-21 13:06:21,0,0000,50,2356,1,8978,1,8800,12,1921,86,0485,0,000000,
2026-08-21 13:06:21,0,0000,50,2356,1,8978,1,8800,12,1921,86,0485,0,000000,
2026-08-21 13:06:21,0,0000,50,2356,1,8978,1,8800,12,1921,86,0485,0,000000,
2026-08-21 13:06:21,0,0000,50,2356,1,8978,1,8800,12,1921,86,0485,0,000000,
2026-08-21 13:06:21,0,0000,50,2356,1,8978,1,8800,12,1921,86,0485,0,000000,
2026-08-21 13:06:21,0,0000,50,2356,1,8978,1,8800,12,1921,86,0485,0,000000,
2026-08-21 13:06:21,0,0000,50,2356,1,8978,1,8800,12,1921,86,0485,0,000000,
2026-08-21 13:06:22,0,0000,50,2356,1,8978,1,8800,12,1921,86,0485,0,000000,
2026-08-21 13:06:22,0,0000,50,2356,1,8978,1,8800,12,1921,86,0485,0,000000,
2026-08-21 13:06:22,0,0000,50,2356,1,8978,1,8800,12,1921,86,0485,0,000000,
2026-08-21 13:06:23,0,0000,50,2356,1,8978,1,8800,12,1921,86,0485,0,000000,
2026-08-21 13:06:23,0,0000,50,2356,1,8978,1,8800,12,1921,86,0485,0,000000,
2026-08-21 13:06:23,0,0000,50,2356,1,8978,1,8800,12,1921,86,0485,0,000000,
2026-08-21 13:06:23,0,0000,50,2356,1,8978,1,8800,12,1921,86,0485,0,000000,
2026-08-21 13:06:23,0,0000,50,2356,1,8978,1,8800,12,1921,86,0485,0,000000,
2026-08-21 13:06:23,0,0000,50,2356,1,8978,1,8800,12,1921,86,0485,0,000000,
2026-08-21 13:06:23,0,0000,50,2356,1,8978,1,8800,12,1921,86,0485,0,000000,
2026-08-21 13:06:23,0,0000,50,2356,1,8978,1,8800,12,1921,86,0485,0,000000,
2026-08-21 13:06:23,0,0000,50,2356,1,8978,1,8800,12,1921,86,0485,0,000000,
2026-08-21 13:06:23,0,0000,50,2356,1,8978,1,8800,12,1921,86,0485,0,000000,
2026-08-21 13:06:23,0,0000,50,2356,1,8978,1,8800,12,1921,86,0485,0,000000,
2026-08-21 13:06:24,0,0000,50,2356,1,8978,1,8800,12,1921,86,0485,0,000000,
2026-08-21 13:06:24,0,0000,50,2356,1,8978,1,8800,12,1921,86,0485,0,000000,
2026-08-21 13:06:24,0,0000,50,2356,1,8978,1,8800,12,1921,86,0485,0,000000,
2026-08-21 13:06:25,0,0000,50,2356,1,8978,1,8800,12,1921,86,0485,0,000000,
2026-08-21 13:06:25,0,0000,50,2356,1,8978,1,8800,12,1921,86,0485,0,000000,
2026-08-21 13:06:25,0,0000,50,2356,1,8978,1,8800,12,1921,86,0485,0,000000,
2026-08-21 13:06:25,0,0000,50,2356,1,8978,1,8800,12,1921,86,0485,0,000000,
2026-08-21 13:06:25,0,0000,50,2356,1,8978,1,8800,12,1921,86,0485,0,000000,
2026-08-21 13:06:25,0,0000,50,2356,1,8978,1,8800,12,1921,86,0485,0,000000,
2026-08-21 13:06:25,0,0000,50,2356,1,8978,1,8800,12,1921,86,0485,0,000000,
2026-08-21 13:06:25,0,0000,50,2356,1,8978,1,8800,12,1921,86,0485,0,000000,
2026-08-21 13:06:25,0,0000,50,2356,1,8978,1,8800,12,1921,86,0485,0,000000,
2026-08-21 13:06:25,0,0000,50,2356,1,8978,1,8800,12,1921,86,0485,0,000000,
2026-08-21 13:06:25,0,0000,50,2356,1,8978,1,8800,12,1921,86,0485,0,000000,
2026-08-21 13:06:25,0,0000,50,2356,1,8978,1,8800,12,1921,86,0485,0,000000,
2026-08-21 13:06:26,0,0000,50,2356,1,8978,1,8800,12,1921,86,0485,0,000000,
2026-08-21 13:06:26,0,0000,50,2356,1,8978,1,8800,12,1921,86,0485,0,000000,
2026-08-21 13:06:26,0,0000,50,2356,1,8978,1,8800,12,1921,86,0485,0,000000,
2026-08-21 13:06:26,0,0000,50,2356,1,8978,1,8800,12,1921,86,0485,0,000000,
2026-08-21 13:06:26,0,0000,50,2356,1,8978,1,8800,12,1921,86,0485,0,000000,
2026-08-21 13:06:26,0,0000,50,2356,1,8978,1,8800,12,1921,86,0485,0,000000,
2026-08-21 13:06:26,0,0000,50,2356,1,8978,1,8800,12,1921,86,0485,0,000000,
2026-08-21 13:06:26,0,0000,50,2356,1,8978,1,8800,12,1921,86,0485,0,000000,
2026-08-21 13:06:26,0,0000,50,2356,1,8978,1,8800,12,1921,86,0485,0,000000,
2026-08-21 13:06:26,0,0000,50,2356,1,8978,1,8800,12,1921,86,0485,0,000000,
2026-08-21 13:06:26,0,0000,50,2356,1,8978,1,8800,12,1921,86,0485,0,000000,
2026-08-21 13:06:26,0,0000,50,2356,1,8978,1,8800,12,1921,86,0485,0,000000,
2026-08-21 13:06:26,0,0000,50,2356,1,8978,1,8800,12,1921,86,0485,0,000000,
2026-08-21 13:06:26,0,0000,50,2356,1,8978,1,8800,12,1921,86,0485,0,000000,
2026-08-21 13:06:27,0,0000,50,2356,1,8978,1,8800,12,1921,86,0485,0,000000,
2026-08-21 13:06:27,0,0000,50,2356,1,8978,1,8800,12,1921,86,0485,0,000000,
2026-08-21 13:06:27,0,0000,50,2356,1,8978,1,8800,12,1921,86,0485,0,000000,
2026-08-21 13:06:27,0,0000,50,2356,1,8978,1,8800,12,1921,86,0485,0,000000,
2026-08-21 13:06:27,0,0000,50,2356,1,8978,1,8800,12,1921,86,0485,0,000000,
2026-08-21 13:06:27,0,0000,50,2356,1,8978,1,8800,12,1921,86,0485,0,000000,
2026-08-21 13:06:27,0,0000,50,2356,1,8978,1,8800,12,1921,86,0485,0,000000,
2026-08-21 13:06:27,0,0000,50,2356,1,8978,1,8800,12,1921,86,0485,0,000000,
2026-08-21 13:06:27,0,0000,50,2356,1,8978,1,8800,12,1921,86,0485,0,000000,
2026-08-21 13:06:27,0,0000,50,2356,1,8978,1,8800,12,1921,86,0485,0,000000,
2026-08-21 13:06:27,0,0000,50,2356,1,8978,1,8800,12,1921,86,0485,0,000000,
2026-08-21 13:06:27,0,0000,50,2356,1,8978,1,8800,12,1921,86,0485,0,000000,
2026-08-21 13:06:28,0,0000,50,2356,1,8978,1,8800,12,1921,86,0485,0,000000,
2026-08-21 13:06:28,0,0000,50,2356,1,8978,1,8800,12,1921,86,0485,0,000000,
2026-08-21 13:06:28,0,0000,50,2356,1,8978,1,8800,12,1921,86,0485,0,000000,
2026-08-21 13:06:28,0,0000,50,2356,1,8978,1,8800,12,1921,86,0485,0,000000,
2026-08-21 13:06:28,0,0000,50,2356,1,8978,1,8800,12,1921,86,0485,0,000000,
2026-08-21 13:06:28,0,0000,50,2356,1,8978,1,8800,12,1921,86,0485,0,000000,
2026-08-21 13:06:28,0,0000,50,2356,1,8978,1,8800,12,1921,86,0485,0,000000,
2026-08-21 13:06:28,0,0000,50,2356,1,8978,1,8800,12,1921,86,0485,0,000000,
2026-08-21 13:06:28,0,0000,50,2356,1,8978,1,8800,12,1921,86,0485,0,000000,
2026-08-21 13:06:28,0,0000,50,2356,1,8978,1,8800,12,1921,86,0485,0,000000,
2026-08-21 13:06:28,0,0000,50,2356,1,8978,1,8800,12,1921,86,0485,0,000000,
2026-08-21 13:06:28,0,0000,50,2356,1,8978,1,8800,12,1921,86,0485,0,000000,
2026-08-21 13:06:29,0,0000,50,2356,1,8978,1,8800,12,1921,86,0485,0,000000,
2026-08-21 13:06:29,0,0000,50,2356,1,8978,1,8800,12,1921,86,0485,0,000000,
2026-08-21 13:06:29,0,0000,50,2356,1,8978,1,8800,12,1921,86,0485,0,000000,
2026-08-21 13:06:29,0,0000,50,2356,1,8978,1,8800,12,1921,86,0485,0,000000,
2026-08-21 13:06:29,0,0000,50,2356,1,8978,1,8800,12,1921,86,0485,0,000000,
2026-08-21 13:06:29,0,0000,50,2356,1,8978,1,8800,12,1921,86,0485,0,000000,
2026-08-21 13:06:29,0,0000,50,2356,1,8978,1,8800,12,1921,86,0485,0,000000,
2026-08-21 13:06:29,0,0000,50,2356,1,8978,1,8800,12,1921,86,0485,0,000000,
2026-08-21 13:06:29,0,0000,50,2356,1,8978,1,8800,12,1921,86,0485,0,000000,
2026-08-21 13:06:29,0,0000,50,2356,1,8978,1,8800,12,1921,86,0485,0,000000,
2026-08-21 13:06:29,0,0000,50,2356,1,8978,1,8800,12,1921,86,0485,0,000000,
2026-08-21 13:06:29,0,0000,50,2356,1,8978,1,8800,12,1921,86,0485,0,000000,
2026-08-21 13:06:29,0,0000,50,2356,1,8978,1,8800,12,1921,86,0485,0,000000,
2026-08-21 13:06:30,0,0000,50,2356,1,8978,1,8800,12,1921,86,0485,0,000000,
2026-08-21 13:06:30,0,0000,50,2356,1,8978,1,8800,12,1921,86,0485,0,000000,
2026-08-21 13:06:30,0,0000,50,2356,1,8978,1,8800,12,1921,86,0485,0,000000,
2026-08-21 13:06:30,0,0000,50,2356,1,8978,1,8800,12,1921,86,0485,0,000000,
2026-08-21 13:06:30,0,0000,50,2356,1,8978,1,8800,12,1921,86,0485,0,000000,
2026-08-21 13:06:30,0,0000,50,2356,1,8978,1,8800,12,1921,86,0485,0,000000,
2026-08-21 13:06:30,0,0000,50,2356,1,8978,1,8800,12,1921,86,0485,0,000000,
2026-08-21 13:06:30,0,0000,50,2356,1,8978,1,8800,12,1921,86,0485,0,000000,
2026-08-21 13:06:30,0,0000,50,2356,1,8978,1,8800,12,1921,86,0485,0,000000,
2026-08-21 13:06:30,0,0000,50,2356,1,8978,1,8800,12,1921,86,0485,0,000000,
2026-08-21 13:06:30,0,0000,50,2356,1,8978,1,8800,12,1921,86,0485,0,000000,
2026-08-21 13:06:30,0,0000,50,2356,1,8978,1,8800,12,1921,86,0485,0,000000,
2026-08-21 13:06:30,0,0000,50,2356,1,8978,1,8800,12,1921,86,0485,0,000000,
2026-08-21 13:06:31,0,0000,50,2356,1,8978,1,8800,12,1921,86,0485,0,000000,
2026-08-21 13:06:31,0,0000,50,2356,1,8978,1,8800,12,1921,86,0485,0,000000,
2026-08-21 13:06:31,0,0000,50,2356,1,8978,1,8800,12,1921,86,0485,0,000000,
2026-08-21 13:06:31,0,0000,50,2356,1,8978,1,8800,12,1921,86,0485,0,000000,
2026-08-21 13:06:31,0,0000,50,2356,1,8978,1,8800,12,1921,86,0485,0,000000,
2026-08-21 13:06:31,0,0000,50,2356,1,8978,1,8800,12,1921,86,0485,0,000000,
2026-08-21 13:06:31,0,0000,50,2356,1,8978,1,8800,12,1921,86,0485,0,000000,
2026-08-21 13:06:31,0,0000,50,2356,1,8978,1,8800,12,1921,86,0485,0,000000,
2026-08-21 13:06:31,0,0000,50,2356,1,8978,1,8800,12,1921,86,0485,0,000000,
2026-08-21 13:06:31,0,0000,50,2356,1,8978,1,8800,12,1921,86,0485,0,000000,
2026-08-21 13:06:31,0,0000,50,2356,1,8978,1,8800,12,1921,86,0485,0,000000,
2026-08-21 13:06:31,0,0000,50,2356,1,8978,1,8800,12,1921,86,0485,0,000000,
2026-08-21 13:06:32,0,0000,50,2356,1,8978,1,8800,12,1921,86,0485,0,000000,
2026-08-21 13:06:32,0,0000,50,2356,1,8978,1,8800,12,1921,86,0485,0,000000,
2026-08-21 13:06:32,0,0000,50,2356,1,8978,1,8800,12,1921,86,0485,0,000000,
2026-08-21 13:06:32,0,0000,50,2356,1,8978,1,8800,12,1921,86,0485,0,000000,
2026-08-21 13:06:32,0,0000,50,2356,1,8978,1,8800,12,1921,86,0485,0,000000,
2026-08-21 13:06:32,0,0000,50,2356,1,8978,1,8800,12,1921,86,0485,0,000000,
2026-08-21 13:06:32,0,0000,50,2356,1,8978,1,8800,12,1921,86,0485,0,000000,
2026-08-21 13:06:33,0,0000,50,2356,1,8978,1,8800,12,1921,86,0485,0,000000,
2026-08-21 13:06:33,0,0000,50,2356,1,8978,1,8800,12,1921,86,0485,0,000000,
2026-08-21 13:06:33,0,0000,50,2356,1,8978,1,8800,12,1921,86,0485,0,000000,
2026-08-21 13:06:33,0,0000,50,2356,1,8978,1,8800,12,1921,86,0485,0,001821,
2026-08-21 13:06:33,33,8044,48,8722,1,8463,1,9315,12,1921,83,7920,0,001835,
2026-08-21 13:06:33,33,8044,48,8722,1,8463,1,9315,12,1921,83,7920,0,001841,
2026-08-21 13:06:33,33,8044,48,8722,1,8463,1,9315,12,1921,83,7920,0,001846,
2026-08-21 13:06:33,33,8044,48,8722,1,8463,1,9315,12,1921,83,7920,0,001851,
2026-08-21 13:06:34,33,8044,48,8722,1,8463,1,9315,12,1921,83,7920,0,001855,
2026-08-21 13:06:34,33,8044,48,8722,1,8463,1,9315,12,1921,83,7920,0,001859,
2026-08-21 13:06:34,33,8044,48,8722,1,8463,1,9315,12,1921,83,7920,0,001863,
2026-08-21 13:06:34,33,8044,48,8722,1,8463,1,9315,12,1921,83,7920,0,001869,
2026-08-21 13:06:34,33,8044,48,8722,1,8463,1,9315,12,1921,83,7920,0,001874,
2026-08-21 13:06:34,33,8044,48,8722,1,8463,1,9315,12,1921,83,7920,0,001878,
2026-08-21 13:06:34,33,8044,48,8722,1,8463,1,9315,12,1921,83,7920,0,001885,
2026-08-21 13:06:34,33,8044,48,8722,1,8463,1,9315,12,1921,83,7920,0,001889,
2026-08-21 13:06:34,33,8044,48,8722,1,8463,1,9315,12,1921,83,7920,0,001894,
2026-08-21 13:06:34,33,8044,48,8722,1,8463,1,9315,12,1921,83,7920,0,001899,
2026-08-21 13:06:34,33,8044,48,8722,1,8463,1,9315,12,1921,83,7920,0,001904,
2026-08-21 13:06:34,33,8044,48,8722,1,8463,1,9315,12,1921,83,7920,0,001909,
2026-08-21 13:06:34,33,8044,48,8722,1,8463,1,9315,12,1921,83,7920,0,001914,
2026-08-21 13:06:34,33,8044,48,8722,1,8463,1,9315,12,1921,83,7920,0,001918,
2026-08-21 13:06:34,33,8044,48,8722,1,8463,1,9315,12,1921,83,7920,0,001923,
2026-08-21 13:06:34,33,8044,48,8722,1,8463,1,9315,12,1921,83,7920,0,001928,
2026-08-21 13:06:35,33,8044,48,8722,1,8463,1,9315,12,1921,83,7920,0,001933,
2026-08-21 13:06:35,33,8044,48,8722,1,8463,1,9315,12,1921,83,7920,0,001937,
2026-08-21 13:06:35,33,8044,48,8722,1,8463,1,9315,12,1921,83,7920,0,001941,
2026-08-21 13:06:35,33,8044,48,8722,1,8463,1,9315,12,1921,83,7920,0,001945,
2026-08-21 13:06:35,33,8044,48,8722,1,8463,1,9315,12,1921,83,7920,0,001950,
2026-08-21 13:06:35,33,8044,48,8722,1,8463,1,9315,12,1921,83,7920,0,001953,
2026-08-21 13:06:35,33,8044,48,8722,1,8463,1,9315,12,1921,83,7920,0,001957,
2026-08-21 13:06:35,33,8044,48,8722,1,8463,1,9315,12,1921,83,7920,0,001961,
2026-08-21 13:06:35,33,8044,48,8722,1,8463,1,9315,12,1921,83,7920,0,001964,
2026-08-21 13:06:35,33,8044,48,8722,1,8463,1,9315,12,1921,83,7920,0,001968,
2026-08-21 13:06:35,33,8044,48,8722,1,8463,1,9315,12,1921,83,7920,0,001973,
2026-08-21 13:06:35,33,8044,48,8722,1,8463,1,9315,12,1921,83,7920,0,001976,
2026-08-21 13:06:35,33,8044,48,8722,1,8463,1,9315,12,1921,83,7920,0,001981,
2026-08-21 13:06:35,33,8044,48,8722,1,8463,1,9315,12,1921,83,7920,0,001984,
2026-08-21 13:06:35,33,8044,48,8722,1,8463,1,9315,12,1921,83,7920,0,001988,
2026-08-21 13:06:35,33,8044,48,8722,1,8463,1,9315,12,1921,83,7920,0,001992,
2026-08-21 13:06:35,33,8044,48,8722,1,8463,1,9315,12,1921,83,7920,0,001997,
2026-08-21 13:06:35,33,8044,48,8722,1,8463,1,9315,12,1921,83,7920,0,002002,
2026-08-21 13:06:35,33,8044,48,8722,1,8463,1,9315,12,1921,83,7920,0,002007,
2026-08-21 13:06:36,33,8044,48,8722,1,8463,1,9315,12,1921,83,7920,0,002011,
2026-08-21 13:06:36,33,8044,48,8722,1,8463,1,9315,12,1921,83,7920,0,002015,
2026-08-21 13:06:36,33,8044,48,8722,1,8463,1,9315,12,1921,83,7920,0,002019,
2026-08-21 13:06:36,33,8044,48,8722,1,8463,1,9315,12,1921,83,7920,0,002023,
2026-08-21 13:06:36,33,8044,48,8722,1,8463,1,9315,12,1921,83,7920,0,002027,
2026-08-21 13:06:36,33,8044,48,8722,1,8463,1,9315,12,1921,83,7920,0,002032,
2026-08-21 13:06:36,33,8044,48,8722,1,8463,1,9315,12,1921,83,7920,0,002037,
2026-08-21 13:06:36,33,8044,48,8722,1,8463,1,9315,12,1921,83,7920,0,002041,
2026-08-21 13:06:36,33,8044,48,8722,1,8463,1,9315,12,1921,83,7920,0,002045,
2026-08-21 13:06:36,33,8044,48,8722,1,8463,1,9315,12,1921,83,7920,0,002049,
2026-08-21 13:06:36,33,8044,48,8722,1,8463,1,9315,12,1921,83,7920,0,002052,
2026-08-21 13:06:36,33,8044,48,8722,1,8463,1,9315,12,1921,83,7920,0,002056,
2026-08-21 13:06:36,33,8044,48,8722,1,8463,1,9315,12,1921,83,7920,0,002059,
2026-08-21 13:06:36,33,8044,48,8722,1,8463,1,9315,12,1921,83,7920,0,002063,
2026-08-21 13:06:36,33,8044,48,8722,1,8463,1,9315,12,1921,83,7920,0,002068,
2026-08-21 13:06:36,33,8044,48,8722,1,8463,1,9315,12,1921,83,7920,0,002073,
2026-08-21 13:06:36,33,8044,48,8722,1,8463,1,9315,12,1921,83,7920,0,002077,
2026-08-21 13:06:36,33,8044,48,8722,1,8463,1,9315,12,1921,83,7920,0,002081,
2026-08-21 13:06:36,33,8044,48,8722,1,8463,1,9315,12,1921,83,7920,0,002087,
2026-08-21 13:06:37,33,8044,48,8722,1,8463,1,9315,12,1921,83,7920,0,002091,
2026-08-21 13:06:37,33,8044,48,8722,1,8463,1,9315,12,1921,83,7920,0,002094,
2026-08-21 13:06:37,33,8044,48,8722,1,8463,1,9315,12,1921,83,7920,0,002097,
2026-08-21 13:06:37,33,8044,48,8722,1,8463,1,9315,12,1921,83,7920,0,002101,
2026-08-21 13:06:37,33,8044,48,8722,1,8463,1,9315,12,1921,83,7920,0,002105,
2026-08-21 13:06:37,33,8044,48,8722,1,8463,1,9315,12,1921,83,7920,0,002109,
2026-08-21 13:06:37,33,8044,48,8722,1,8463,1,9315,12,1921,83,7920,0,002112,
2026-08-21 13:06:37,33,8044,48,8722,1,8463,1,9315,12,1921,83,7920,0,002118,
2026-08-21 13:06:37,33,8044,48,8722,1,8463,1,9315,12,1921,83,7920,0,002122,
2026-08-21 13:06:37,33,8044,48,8722,1,8463,1,9315,12,1921,83,7920,0,002125,
2026-08-21 13:06:37,33,8044,48,8722,1,8463,1,9315,12,1921,83,7920,0,002130,
2026-08-21 13:06:37,33,8044,48,8722,1,8463,1,9315,12,1921,83,7920,0,002134,
2026-08-21 13:06:37,33,8044,48,8722,1,8463,1,9315,12,1921,83,7920,0,002139,
2026-08-21 13:06:37,33,8044,48,8722,1,8463,1,9315,12,1921,83,7920,0,002143,
2026-08-21 13:06:37,33,8044,48,8722,1,8463,1,9315,12,1921,83,7920,0,002147,
2026-08-21 13:06:37,33,8044,48,8722,1,8463,1,9315,12,1921,83,7920,0,002151,
2026-08-21 13:06:37,33,8044,48,8722,1,8463,1,9315,12,1921,83,7920,0,002155,
2026-08-21 13:06:37,33,8044,48,8722,1,8463,1,9315,12,1921,83,7920,0,002159,
2026-08-21 13:06:37,33,8044,48,8722,1,8463,1,9315,12,1921,83,7920,0,002162,
2026-08-21 13:06:37,33,8044,48,8722,1,8463,1,9315,12,1921,83,7920,0,002166,
2026-08-21 13:06:37,33,8044,48,8722,1,8463,1,9315,12,1921,83,7920,0,002170,
2026-08-21 13:06:38,33,8044,48,8722,1,8463,1,9315,12,1921,83,7920,0,002174,
2026-08-21 13:06:38,33,8044,48,8722,1,8463,1,9315,12,1921,83,7920,0,002177,
2026-08-21 13:06:38,33,8044,48,8722,1,8463,1,9315,12,1921,83,7920,0,002181,
2026-08-21 13:06:38,33,8044,48,8722,1,8463,1,9315,12,1921,83,7920,0,002185,
2026-08-21 13:06:38,33,8044,48,8722,1,8463,1,9315,12,1921,83,7920,0,002188,
2026-08-21 13:06:38,33,8044,48,8722,1,8463,1,9315,12,1921,83,7920,0,002192,
2026-08-21 13:06:38,33,8044,48,8722,1,8463,1,9315,12,1921,83,7920,0,002196,
2026-08-21 13:06:38,33,8044,48,8722,1,8463,1,9315,12,1921,83,7920,0,002200,
2026-08-21 13:06:38,33,8044,48,8722,1,8463,1,9315,12,1921,83,7920,0,002203,
2026-08-21 13:06:38,33,8044,48,8722,1,8463,1,9315,12,1921,83,7920,0,002209,
2026-08-21 13:06:38,33,8044,48,8722,1,8463,1,9315,12,1921,83,7920,0,002214,
2026-08-21 13:06:38,33,8044,48,8722,1,8463,1,9315,12,1921,83,7920,0,002219,
2026-08-21 13:06:38,33,8044,48,8722,1,8463,1,9315,12,1921,83,7920,0,002223,
2026-08-21 13:06:38,33,8044,48,8722,1,8463,1,9315,12,1921,83,7920,0,002244,
2026-08-21 13:06:39,33,8044,48,8722,1,8463,1,9315,12,1921,83,7920,0,002253,
2026-08-21 13:06:39,33,8044,48,8722,1,8463,1,9315,12,1921,83,7920,0,002262,
2026-08-21 13:06:39,33,8044,48,8722,1,8463,1,9315,12,1921,83,7920,0,002269,
2026-08-21 13:06:39,33,8044,48,8722,1,8463,1,9315,12,1921,83,7920,0,002277,
2026-08-21 13:06:39,33,8044,48,8722,1,8463,1,9315,12,1921,83,7920,0,002285,
2026-08-21 13:06:39,33,8044,48,8722,1,8463,1,9315,12,1921,83,7920,0,002293,
2026-08-21 13:06:39,33,8044,48,8722,1,8463,1,9315,12,1921,83,7920,0,002303,
2026-08-21 13:06:39,33,8044,48,8722,1,8463,1,9315,12,1921,83,7920,0,002311,
2026-08-21 13:06:39,33,8044,48,8722,1,8463,1,9315,12,1921,83,7920,0,002320,
2026-08-21 13:06:40,33,8044,48,8722,1,8463,1,9315,12,1921,83,7920,0,002329,
2026-08-21 13:06:40,33,8044,48,8722,1,8463,1,9315,12,1921,83,7920,0,002344,
2026-08-21 13:06:40,33,8044,48,8722,1,8463,1,9315,12,1921,83,7920,0,002353,
2026-08-21 13:06:40,33,8044,48,8722,1,8463,1,9315,12,1921,83,7920,0,002360,
2026-08-21 13:06:40,33,8044,48,8722,1,8463,1,9315,12,1921,83,7920,0,002385,
2026-08-21 13:06:41,33,8044,48,8722,1,8463,1,9315,12,1921,83,7920,0,002401,
2026-08-21 13:06:41,33,8044,48,8722,1,8463,1,9315,12,1921,83,7920,0,002417,
2026-08-21 13:06:41,33,8044,48,8722,1,8463,1,9315,12,1921,83,7920,0,002433,
2026-08-21 13:06:41,33,8044,48,8722,1,8463,1,9315,12,1921,83,7920,0,002463,
2026-08-21 13:06:42,33,8044,48,8722,1,8463,1,9315,12,1921,83,7920,0,002487,
2026-08-21 13:06:42,33,8044,48,8722,1,8463,1,9315,12,1921,83,7920,0,002503,
2026-08-21 13:06:42,33,8044,48,8722,1,8463,1,9315,12,1921,83,7920,0,002526,
2026-08-21 13:06:42,33,8044,48,8722,1,8463,1,9315,12,1921,83,7920,0,002544,
2026-08-21 13:06:43,33,8044,48,8722,1,8463,1,9315,12,1921,83,7920,0,002559,
2026-08-21 13:06:43,33,8044,48,8722,1,8463,1,9315,12,1921,83,7920,0,002574,
2026-08-21 13:06:43,33,8044,48,8722,1,8463,1,9315,12,1921,83,7920,0,002590,
2026-08-21 13:06:43,33,8044,48,8722,1,8463,1,9315,12,1921,83,7920,0,002598,
2026-08-21 13:06:43,33,8044,48,8722,1,8463,1,9315,12,1921,83,7920,0,002614,
2026-08-21 13:06:43,33,8044,48,8722,1,8463,1,9315,12,1921,83,7920,0,002628,
2026-08-21 13:06:43,33,8044,48,8722,1,8463,1,9315,12,1921,83,7920,0,002637,
2026-08-21 13:06:44,33,8044,48,8722,1,8463,1,9315,12,1921,83,7920,0,002646,
2026-08-21 13:06:44,33,8044,48,8722,1,8463,1,9315,12,1921,83,7920,0,002669,
2026-08-21 13:06:44,33,8044,48,8722,1,8463,1,9315,12,1921,83,7920,0,002676,
2026-08-21 13:06:44,33,8044,48,8722,1,8463,1,9315,12,1921,83,7920,0,002683,
2026-08-21 13:06:44,33,8044,48,8722,1,8463,1,9315,12,1921,83,7920,0,002692,
2026-08-21 13:06:44,33,8044,48,8722,1,8463,1,9315,12,1921,83,7920,0,002707,
2026-08-21 13:06:44,33,8044,48,8722,1,8463,1,9315,12,1921,83,7920,0,002722,
2026-08-21 13:06:45,33,8044,48,8722,1,8463,1,9315,12,1921,83,7920,0,002727,
2026-08-21 13:06:45,33,8044,48,8722,1,8463,1,9315,12,1921,83,7920,0,002735,
2026-08-21 13:06:45,33,8044,48,8722,1,8463,1,9315,12,1921,83,7920,0,002743,
2026-08-21 13:06:45,33,8044,48,8722,1,8463,1,9315,12,1921,83,7920,0,002756,
2026-08-21 13:06:45,33,8044,48,8722,1,8463,1,9315,12,1921,83,7920,0,002763,
2026-08-21 13:06:45,33,8044,48,8722,1,8463,1,9315,12,1921,83,7920,0,002770,
2026-08-21 13:06:45,33,8044,48,8722,1,8463,1,9315,12,1921,83,7920,0,002778,
2026-08-21 13:06:45,33,8044,48,8722,1,8463,1,9315,12,1921,83,7920,0,002804,
2026-08-21 13:06:46,33,8044,48,8722,1,8463,1,9315,12,1921,83,7920,0,002808,
2026-08-21 13:06:46,33,8044,48,8722,1,8463,1,9315,12,1921,83,7920,0,002812,
2026-08-21 13:06:46,33,8044,48,8722,1,8463,1,9315,12,1921,83,7920,0,002817,
2026-08-21 13:06:46,33,8044,48,8722,1,8463,1,9315,12,1921,83,7920,0,002823,
2026-08-21 13:06:46,33,8044,48,8722,1,8463,1,9315,12,1921,83,7920,0,002830,
2026-08-21 13:06:46,33,8044,48,8722,1,8463,1,9315,12,1921,83,7920,0,002838,
2026-08-21 13:06:46,33,8044,48,8722,1,8463,1,9315,12,1921,83,7920,0,002846,
2026-08-21 13:06:46,33,8044,48,8722,1,8463,1,9315,12,1921,83,7920,0,002856,
2026-08-21 13:06:46,33,8044,48,8722,1,8463,1,9315,12,1921,83,7920,0,002861,
2026-08-21 13:06:46,33,8044,48,8722,1,8463,1,9315,12,1921,83,7920,0,002866,
2026-08-21 13:06:46,33,8044,48,8722,1,8463,1,9315,12,1921,83,7920,0,002872,
2026-08-21 13:06:46,33,8044,48,8722,1,8463,1,9315,12,1921,83,7920,0,002880,
2026-08-21 13:06:47,33,8044,48,8722,1,8463,1,9315,12,1921,83,7920,0,002889,
2026-08-21 13:06:47,33,8044,48,8722,1,8463,1,9315,12,1921,83,7920,0,002895,
2026-08-21 13:06:47,33,8044,48,8722,1,8463,1,9315,12,1921,83,7920,0,002899,
2026-08-21 13:06:47,33,8044,48,8722,1,8463,1,9315,12,1921,83,7920,0,002904,
2026-08-21 13:06:47,33,8044,48,8722,1,8463,1,9315,12,1921,83,7920,0,002909,
2026-08-21 13:06:47,33,8044,48,8722,1,8463,1,9315,12,1921,83,7920,0,002914,
2026-08-21 13:06:47,33,8044,48,8722,1,8463,1,9315,12,1921,83,7920,0,002918,
2026-08-21 13:06:47,33,8044,48,8722,1,8463,1,9315,12,1921,83,7920,0,002923,
2026-08-21 13:06:47,33,8044,48,8722,1,8463,1,9315,12,1921,83,7920,0,002927,
2026-08-21 13:06:47,33,8044,48,8722,1,8463,1,9315,12,1921,83,7920,0,002932,
2026-08-21 13:06:47,33,8044,48,8722,1,8463,1,9315,12,1921,83,7920,0,002936,
2026-08-21 13:06:47,33,8044,48,8722,1,8463,1,9315,12,1921,83,7920,0,002940,
2026-08-21 13:06:47,33,8044,48,8722,1,8463,1,9315,12,1921,83,7920,0,002946,
2026-08-21 13:06:47,33,8044,48,8722,1,8463,1,9315,12,1921,83,7920,0,002951,
2026-08-21 13:06:47,33,8044,48,8722,1,8463,1,9315,12,1921,83,7920,0,002956,
2026-08-21 13:06:47,33,8044,48,8722,1,8463,1,9315,12,1921,83,7920,0,002960,
2026-08-21 13:06:48,33,8044,48,8722,1,8463,1,9315,12,1921,83,7920,0,002965,
2026-08-21 13:06:48,33,8044,48,8722,1,8463,1,9315,12,1921,83,7920,0,002969,
2026-08-21 13:06:48,33,8044,48,8722,1,8463,1,9315,12,1921,83,7920,0,002973,
2026-08-21 13:06:48,33,8044,48,8722,1,8463,1,9315,12,1921,83,7920,0,002977,
2026-08-21 13:06:48,33,8044,48,8722,1,8463,1,9315,12,1921,83,7920,0,002980,
2026-08-21 13:06:48,33,8044,48,8722,1,8463,1,9315,12,1921,83,7920,0,002984,
2026-08-21 13:06:48,33,8044,48,8722,1,8463,1,9315,12,1921,83,7920,0,002990,
2026-08-21 13:06:48,33,8044,48,8722,1,8463,1,9315,12,1921,83,7920,0,002994,
2026-08-21 13:06:48,33,8044,48,8722,1,8463,1,9315,12,1921,83,7920,0,002999,
2026-08-21 13:06:48,33,8044,48,8722,1,8463,1,9315,12,1921,83,7920,0,003003,
2026-08-21 13:06:48,33,8044,48,8611,1,8459,1,9319,12,1921,83,7921,0,003411,
2026-08-21 13:06:48,12,1000,48,8611,1,8459,1,9319,12,1921,83,7921,0,003417,
2026-08-21 13:06:48,12,1000,48,8611,1,8459,1,9319,12,1921,83,7921,0,003422,
2026-08-21 13:06:48,12,1000,48,8611,1,8459,1,9319,12,1921,83,7921,0,003428,
2026-08-21 13:06:48,12,1000,48,8611,1,8459,1,9319,12,1921,83,7921,0,003433,
2026-08-21 13:06:48,12,1000,48,8611,1,8459,1,9319,12,1921,83,7921,0,003438,
2026-08-21 13:06:48,12,1000,48,8611,1,8459,1,9319,12,1921,83,7921,0,003444,
2026-08-21 13:06:48,12,1000,48,8611,1,8459,1,9319,12,1921,83,7921,0,003449,
2026-08-21 13:06:49,12,1000,48,8611,1,8459,1,9319,12,1921,83,7921,0,003453,
2026-08-21 13:06:49,12,1000,48,8611,1,8459,1,9319,12,1921,83,7921,0,003458,
2026-08-21 13:06:49,12,1000,48,8611,1,8459,1,9319,12,1921,83,7921,0,003462,
2026-08-21 13:06:49,12,1000,48,8611,1,8459,1,9319,12,1921,83,7921,0,003467,
2026-08-21 13:06:49,12,1000,48,8611,1,8459,1,9319,12,1921,83,7921,0,003472,
2026-08-21 13:06:49,12,1000,48,8611,1,8459,1,9319,12,1921,83,7921,0,003477,
2026-08-21 13:06:49,12,1000,48,8611,1,8459,1,9319,12,1921,83,7921,0,003481,
2026-08-21 13:06:49,12,1000,48,8611,1,8459,1,9319,12,1921,83,7921,0,003485,
2026-08-21 13:06:49,12,1000,48,8611,1,8459,1,9319,12,1921,83,7921,0,003489,
2026-08-21 13:06:49,12,1000,48,8611,1,8459,1,9319,12,1921,83,7921,0,003493,
2026-08-21 13:06:49,12,1000,48,8611,1,8459,1,9319,12,1921,83,7921,0,003497,
2026-08-21 13:06:49,12,1000,48,8611,1,8459,1,9319,12,1921,83,7921,0,003502,
2026-08-21 13:06:49,12,1000,48,8611,1,8459,1,9319,12,1921,83,7921,0,003505,
2026-08-21 13:06:49,12,1000,48,8611,1,8459,1,9319,12,1921,83,7921,0,003509,
2026-08-21 13:06:49,12,1000,48,8611,1,8459,1,9319,12,1921,83,7921,0,003514,
2026-08-21 13:06:49,12,1000,48,8611,1,8459,1,9319,12,1921,83,7921,0,003518,
2026-08-21 13:06:49,12,1000,48,8611,1,8459,1,9319,12,1921,83,7921,0,003523,
2026-08-21 13:06:49,12,1000,48,8611,1,8459,1,9319,12,1921,83,7921,0,003527,
2026-08-21 13:06:49,12,1000,48,8611,1,8459,1,9319,12,1921,83,7921,0,003530,
2026-08-21 13:06:49,12,1000,48,8611,1,8459,1,9319,12,1921,83,7921,0,003535,
2026-08-21 13:06:49,12,1000,48,8611,1,8459,1,9319,12,1921,83,7921,0,003538,
2026-08-21 13:06:49,12,1000,48,8611,1,8459,1,9319,12,1921,83,7921,0,003542,
2026-08-21 13:06:50,12,1000,48,8611,1,8459,1,9319,12,1921,83,7921,0,003547,
2026-08-21 13:06:50,12,1000,48,8611,1,8459,1,9319,12,1921,83,7921,0,003551,
2026-08-21 13:06:50,12,1000,48,8611,1,8459,1,9319,12,1921,83,7921,0,003555,
2026-08-21 13:06:50,12,1000,48,8611,1,8459,1,9319,12,1921,83,7921,0,003559,
2026-08-21 13:06:50,12,1000,48,8611,1,8459,1,9319,12,1921,83,7921,0,003564,
2026-08-21 13:06:50,12,1000,48,8611,1,8459,1,9319,12,1921,83,7921,0,003570,
2026-08-21 13:06:50,12,1000,48,8611,1,8459,1,9319,12,1921,83,7921,0,003575,
2026-08-21 13:06:50,12,1000,48,8611,1,8459,1,9319,12,1921,83,7921,0,003579,
2026-08-21 13:06:50,12,1000,48,8611,1,8459,1,9319,12,1921,83,7921,0,003585,
2026-08-21 13:06:50,12,1000,48,8611,1,8459,1,9319,12,1921,83,7921,0,003591,
2026-08-21 13:06:50,12,1000,48,8611,1,8459,1,9319,12,1921,83,7921,0,003595,
2026-08-21 13:06:50,12,1000,48,8611,1,8459,1,9319,12,1921,83,7921,0,003599,
2026-08-21 13:06:50,12,1000,48,8611,1,8459,1,9319,12,1921,83,7921,0,003603,
2026-08-21 13:06:50,12,1000,48,8611,1,8459,1,9319,12,1921,83,7921,0,003607,
2026-08-21 13:06:50,12,1000,48,8611,1,8459,1,9319,12,1921,83,7921,0,003611,
2026-08-21 13:06:50,12,1000,48,8611,1,8459,1,9319,12,1921,83,7921,0,003616,
2026-08-21 13:06:50,12,1000,48,8611,1,8459,1,9319,12,1921,83,7921,0,003619,
2026-08-21 13:06:50,12,1000,48,8611,1,8459,1,9319,12,1921,83,7921,0,003623,
2026-08-21 13:06:50,12,1000,48,8611,1,8459,1,9319,12,1921,83,7921,0,003627,
2026-08-21 13:06:50,12,1000,48,8611,1,8459,1,9319,12,1921,83,7921,0,003631,
2026-08-21 13:06:51,12,1000,48,8611,1,8459,1,9319,12,1921,83,7921,0,003635,
2026-08-21 13:06:51,12,1000,48,8611,1,8459,1,9319,12,1921,83,7921,0,003639,
2026-08-21 13:06:51,12,1000,48,8611,1,8459,1,9319,12,1921,83,7921,0,003643,
2026-08-21 13:06:51,12,1000,48,8611,1,8459,1,9319,12,1921,83,7921,0,003648,
2026-08-21 13:06:51,12,1000,48,8611,1,8459,1,9319,12,1921,83,7921,0,003652,
2026-08-21 13:06:51,12,1000,48,8611,1,8459,1,9319,12,1921,83,7921,0,003657,
2026-08-21 13:06:51,12,1000,48,8611,1,8459,1,9319,12,1921,83,7921,0,003660,
2026-08-21 13:06:51,12,1000,48,8611,1,8459,1,9319,12,1921,83,7921,0,003666,
2026-08-21 13:06:51,12,1000,48,8611,1,8459,1,9319,12,1921,83,7921,0,003672,
2026-08-21 13:06:51,12,1000,48,8611,1,8459,1,9319,12,1921,83,7921,0,003677,
2026-08-21 13:06:51,12,1000,48,8611,1,8459,1,9319,12,1921,83,7921,0,003681,
2026-08-21 13:06:51,12,1000,48,8611,1,8459,1,9319,12,1921,83,7921,0,003685,
2026-08-21 13:06:51,12,1000,48,8611,1,8459,1,9319,12,1921,83,7921,0,003690,
2026-08-21 13:06:51,12,1000,48,8611,1,8459,1,9319,12,1921,83,7921,0,003695,
2026-08-21 13:06:51,12,1000,48,8611,1,8459,1,9319,12,1921,83,7921,0,003699,
2026-08-21 13:06:51,12,1000,48,8611,1,8459,1,9319,12,1921,83,7921,0,003703,
2026-08-21 13:06:51,12,1000,48,8611,1,8459,1,9319,12,1921,83,7921,0,003707,
2026-08-21 13:06:51,12,1000,48,8611,1,8459,1,9319,12,1921,83,7921,0,003711,
2026-08-21 13:06:51,12,1000,48,8611,1,8459,1,9319,12,1921,83,7921,0,003715,
2026-08-21 13:06:51,12,1000,48,8611,1,8459,1,9319,12,1921,83,7921,0,003719,
2026-08-21 13:06:51,12,1000,48,8611,1,8459,1,9319,12,1921,83,7921,0,003723,
2026-08-21 13:06:52,12,1000,48,8611,1,8459,1,9319,12,1921,83,7921,0,003727,
2026-08-21 13:06:52,12,1000,48,8611,1,8459,1,9319,12,1921,83,7921,0,003732,
2026-08-21 13:06:52,12,1000,48,8611,1,8459,1,9319,12,1921,83,7921,0,003736,
2026-08-21 13:06:52,12,1000,48,8611,1,8459,1,9319,12,1921,83,7921,0,003740,
2026-08-21 13:06:52,12,1000,48,8611,1,8459,1,9319,12,1921,83,7921,0,003744,
2026-08-21 13:06:52,12,1000,48,8611,1,8459,1,9319,12,1921,83,7921,0,003748,
2026-08-21 13:06:52,12,1000,48,8611,1,8459,1,9319,12,1921,83,7921,0,003752,
2026-08-21 13:06:52,12,1000,48,8611,1,8459,1,9319,12,1921,83,7921,0,003756,
2026-08-21 13:06:52,12,1000,48,8611,1,8459,1,9319,12,1921,83,7921,0,003760,
2026-08-21 13:06:52,12,1000,48,8611,1,8459,1,9319,12,1921,83,7921,0,003764,
2026-08-21 13:06:52,12,1000,48,8611,1,8459,1,9319,12,1921,83,7921,0,003768,
2026-08-21 13:06:52,12,1000,48,8611,1,8459,1,9319,12,1921,83,7921,0,003772,
2026-08-21 13:06:52,12,1000,48,8611,1,8459,1,9319,12,1921,83,7921,0,003777,
2026-08-21 13:06:52,12,1000,48,8611,1,8459,1,9319,12,1921,83,7921,0,003781,
2026-08-21 13:06:52,12,1000,48,8611,1,8459,1,9319,12,1921,83,7921,0,003786,
2026-08-21 13:06:52,12,1000,48,8611,1,8459,1,9319,12,1921,83,7921,0,003790,
2026-08-21 13:06:52,12,1000,48,8611,1,8459,1,9319,12,1921,83,7921,0,003795,
2026-08-21 13:06:52,12,1000,48,8611,1,8459,1,9319,12,1921,83,7921,0,003798,
2026-08-21 13:06:52,12,1000,48,8611,1,8459,1,9319,12,1921,83,7921,0,003802,
2026-08-21 13:06:52,12,1000,48,8611,1,8459,1,9319,12,1921,83,7921,0,003808,
2026-08-21 13:06:52,12,1000,48,8611,1,8459,1,9319,12,1921,83,7921,0,003813,
2026-08-21 13:06:53,12,1000,48,8611,1,8459,1,9319,12,1921,83,7921,0,003818,
2026-08-21 13:06:53,12,1000,48,8611,1,8459,1,9319,12,1921,83,7921,0,003822,
2026-08-21 13:06:53,12,1000,48,8611,1,8459,1,9319,12,1921,83,7921,0,003826,
2026-08-21 13:06:53,12,1000,48,8611,1,8459,1,9319,12,1921,83,7921,0,003830,
2026-08-21 13:06:53,12,1000,48,8611,1,8459,1,9319,12,1921,83,7921,0,003834,
2026-08-21 13:06:53,12,1000,48,8611,1,8459,1,9319,12,1921,83,7921,0,003841,
2026-08-21 13:06:53,12,1000,48,8611,1,8459,1,9319,12,1921,83,7921,0,003845,
2026-08-21 13:06:53,12,1000,48,8611,1,8459,1,9319,12,1921,83,7921,0,003849,
2026-08-21 13:06:53,12,1000,48,8611,1,8459,1,9319,12,1921,83,7921,0,003853,
2026-08-21 13:06:53,12,1000,48,8611,1,8459,1,9319,12,1921,83,7921,0,003857,
2026-08-21 13:06:53,12,1000,48,8611,1,8459,1,9319,12,1921,83,7921,0,003861,
2026-08-21 13:06:53,12,1000,48,8611,1,8459,1,9319,12,1921,83,7921,0,003866,
2026-08-21 13:06:53,12,1000,48,8611,1,8459,1,9319,12,1921,83,7921,0,003869,
2026-08-21 13:06:53,12,1000,48,8611,1,8459,1,9319,12,1921,83,7921,0,003873,
2026-08-21 13:06:53,12,1000,48,8611,1,8459,1,9319,12,1921,83,7921,0,003878,
2026-08-21 13:06:53,12,1000,48,8611,1,8459,1,9319,12,1921,83,7921,0,003881,
2026-08-21 13:06:53,12,1000,48,8611,1,8459,1,9319,12,1921,83,7921,0,003886,
2026-08-21 13:06:53,12,1000,48,8611,1,8459,1,9319,12,1921,83,7921,0,003890,
2026-08-21 13:06:53,12,1000,48,8611,1,8459,1,9319,12,1921,83,7921,0,003894,
2026-08-21 13:06:53,12,1000,48,8611,1,8459,1,9319,12,1921,83,7921,0,003899,
2026-08-21 13:06:53,12,1000,48,8611,1,8459,1,9319,12,1921,83,7921,0,003902,
2026-08-21 13:06:54,12,1000,48,8611,1,8459,1,9319,12,1921,83,7921,0,003907,
2026-08-21 13:06:54,12,1000,48,8611,1,8459,1,9319,12,1921,83,7921,0,003911,
2026-08-21 13:06:54,12,1000,48,8611,1,8459,1,9319,12,1921,83,7921,0,003915,
2026-08-21 13:06:54,12,1000,48,8611,1,8459,1,9319,12,1921,83,7921,0,003919,
2026-08-21 13:06:54,12,1000,48,8611,1,8459,1,9319,12,1921,83,7921,0,003923,
2026-08-21 13:06:54,12,1000,48,8611,1,8459,1,9319,12,1921,83,7921,0,003927,
2026-08-21 13:06:54,12,1000,48,8611,1,8459,1,9319,12,1921,83,7921,0,003932,
2026-08-21 13:06:54,12,1000,48,8611,1,8459,1,9319,12,1921,83,7921,0,003935,
2026-08-21 13:06:54,12,1000,48,8611,1,8459,1,9319,12,1921,83,7921,0,003940,
2026-08-21 13:06:54,12,1000,48,8611,1,8459,1,9319,12,1921,83,7921,0,003944,
2026-08-21 13:06:54,12,1000,48,8611,1,8459,1,9319,12,1921,83,7921,0,003948,
2026-08-21 13:06:54,12,1000,48,8611,1,8459,1,9319,12,1921,83,7921,0,003952,
2026-08-21 13:06:54,12,1000,48,8611,1,8459,1,9319,12,1921,83,7921,0,003956,
2026-08-21 13:06:54,12,1000,48,8611,1,8459,1,9319,12,1921,83,7921,0,003960,
2026-08-21 13:06:54,12,1000,48,8611,1,8459,1,9319,12,1921,83,7921,0,003985,
2026-08-21 13:06:54,12,1000,48,8611,1,8459,1,9319,12,1921,83,7921,0,003991,
2026-08-21 13:06:55,12,1000,48,8611,1,8459,1,9319,12,1921,83,7921,0,003995,
2026-08-21 13:06:55,12,1000,48,8611,1,8459,1,9319,12,1921,83,7921,0,004000,
2026-08-21 13:06:55,12,1000,48,8611,1,8459,1,9319,12,1921,83,7921,0,004004,
2026-08-21 13:06:55,12,1000,48,8611,1,8459,1,9319,12,1921,83,7921,0,004008,
2026-08-21 13:06:55,12,1000,48,8611,1,8459,1,9319,12,1921,83,7921,0,004016,
2026-08-21 13:06:55,12,1000,48,8611,1,8459,1,9319,12,1921,83,7921,0,004021,
2026-08-21 13:06:55,12,1000,48,8611,1,8459,1,9319,12,1921,83,7921,0,004025,
2026-08-21 13:06:55,12,1000,48,8611,1,8459,1,9319,12,1921,83,7921,0,004029,
2026-08-21 13:06:55,12,1000,48,8611,1,8459,1,9319,12,1921,83,7921,0,004034,
2026-08-21 13:06:55,12,1000,48,8611,1,8459,1,9319,12,1921,83,7921,0,004039,
2026-08-21 13:06:55,12,1000,48,8611,1,8459,1,9319,12,1921,83,7921,0,004044,
2026-08-21 13:06:55,12,1000,48,8611,1,8459,1,9319,12,1921,83,7921,0,004049,
2026-08-21 13:06:55,12,1000,48,8611,1,8459,1,9319,12,1921,83,7921,0,004054,
2026-08-21 13:06:55,12,1000,48,8611,1,8459,1,9319,12,1921,83,7921,0,004058,
2026-08-21 13:06:55,12,1000,48,8611,1,8459,1,9319,12,1921,83,7921,0,004064,
2026-08-21 13:06:55,12,1000,48,8611,1,8459,1,9319,12,1921,83,7921,0,004069,
2026-08-21 13:06:55,12,1000,48,8611,1,8459,1,9319,12,1921,83,7921,0,004073,
2026-08-21 13:06:55,12,1000,48,8611,1,8459,1,9319,12,1921,83,7921,0,004078,
2026-08-21 13:06:55,12,1000,48,8611,1,8459,1,9319,12,1921,83,7921,0,004083,
2026-08-21 13:06:56,12,1000,48,8611,1,8459,1,9319,12,1921,83,7921,0,004090,
2026-08-21 13:06:56,12,1000,48,8611,1,8459,1,9319,12,1921,83,7921,0,004094,
2026-08-21 13:06:56,12,1000,48,8611,1,8459,1,9319,12,1921,83,7921,0,004098,
2026-08-21 13:06:56,12,1000,48,8611,1,8459,1,9319,12,1921,83,7921,0,004102,
2026-08-21 13:06:56,12,1000,48,8611,1,8459,1,9319,12,1921,83,7921,0,004107,
2026-08-21 13:06:56,12,1000,48,8611,1,8459,1,9319,12,1921,83,7921,0,004110,
2026-08-21 13:06:56,12,1000,48,8611,1,8459,1,9319,12,1921,83,7921,0,004126,
2026-08-21 13:06:56,12,1000,48,8611,1,8459,1,9319,12,1921,83,7921,0,004130,
2026-08-21 13:06:56,12,1000,48,8611,1,8459,1,9319,12,1921,83,7921,0,004134,
2026-08-21 13:06:56,12,1000,48,8611,1,8459,1,9319,12,1921,83,7921,0,004139,
2026-08-21 13:06:56,12,1000,48,8611,1,8459,1,9319,12,1921,83,7921,0,004143,
2026-08-21 13:06:56,12,1000,48,8611,1,8459,1,9319,12,1921,83,7921,0,004147,
2026-08-21 13:06:56,12,1000,48,8611,1,8459,1,9319,12,1921,83,7921,0,004151,
2026-08-21 13:06:56,12,1000,48,8611,1,8459,1,9319,12,1921,83,7921,0,004155,
2026-08-21 13:06:56,12,1000,48,8611,1,8459,1,9319,12,1921,83,7921,0,004160,
2026-08-21 13:06:56,12,1000,48,8611,1,8459,1,9319,12,1921,83,7921,0,004164,
2026-08-21 13:06:56,12,1000,48,8611,1,8459,1,9319,12,1921,83,7921,0,004169,
2026-08-21 13:06:56,12,1000,48,8611,1,8459,1,9319,12,1921,83,7921,0,004173,
2026-08-21 13:06:57,12,1000,48,8611,1,8459,1,9319,12,1921,83,7921,0,004177,
2026-08-21 13:06:57,12,1000,48,8611,1,8459,1,9319,12,1921,83,7921,0,004181,
2026-08-21 13:06:57,12,1000,48,8611,1,8459,1,9319,12,1921,83,7921,0,004185,
2026-08-21 13:06:57,12,1000,48,8611,1,8459,1,9319,12,1921,83,7921,0,004189,
2026-08-21 13:06:57,12,1000,48,8611,1,8459,1,9319,12,1921,83,7921,0,004194,
2026-08-21 13:06:57,12,1000,48,8611,1,8459,1,9319,12,1921,83,7921,0,004198,
2026-08-21 13:06:57,12,1000,48,8611,1,8459,1,9319,12,1921,83,7921,0,004202,
2026-08-21 13:06:57,12,1000,48,8611,1,8459,1,9319,12,1921,83,7921,0,004206,
2026-08-21 13:06:57,12,1000,48,8611,1,8459,1,9319,12,1921,83,7921,0,004210,
2026-08-21 13:06:57,12,1000,48,8611,1,8459,1,9319,12,1921,83,7921,0,004215,
2026-08-21 13:06:57,12,1000,48,8611,1,8459,1,9319,12,1921,83,7921,0,004219,
2026-08-21 13:06:57,12,1000,48,8611,1,8459,1,9319,12,1921,83,7921,0,004223,
2026-08-21 13:06:57,12,1000,48,8611,1,8459,1,9319,12,1921,83,7921,0,004228,
2026-08-21 13:06:57,12,1000,48,8611,1,8459,1,9319,12,1921,83,7921,0,004231,
2026-08-21 13:06:57,12,1000,48,8611,1,8459,1,9319,12,1921,83,7921,0,004236,
2026-08-21 13:06:57,12,1000,48,8611,1,8459,1,9319,12,1921,83,7921,0,004242,
2026-08-21 13:06:58,12,1000,48,8611,1,8459,1,9319,12,1921,83,7921,0,004269,
2026-08-21 13:06:58,12,1000,48,8611,1,8459,1,9319,12,1921,83,7921,0,004276,
2026-08-21 13:06:58,12,1000,48,8611,1,8459,1,9319,12,1921,83,7921,0,004280,
2026-08-21 13:06:58,12,1000,48,8611,1,8459,1,9319,12,1921,83,7921,0,004286,
2026-08-21 13:06:58,12,1000,48,8611,1,8459,1,9319,12,1921,83,7921,0,004291,
2026-08-21 13:06:58,12,1000,48,8611,1,8459,1,9319,12,1921,83,7921,0,004296,
2026-08-21 13:06:58,12,1000,48,8611,1,8459,1,9319,12,1921,83,7921,0,004301,
2026-08-21 13:06:58,12,1000,48,8611,1,8459,1,9319,12,1921,83,7921,0,004307,
2026-08-21 13:06:58,12,1000,48,8611,1,8459,1,9319,12,1921,83,7921,0,004311,
2026-08-21 13:06:58,12,1000,48,8611,1,8459,1,9319,12,1921,83,7921,0,004315,
2026-08-21 13:06:58,12,1000,48,8611,1,8459,1,9319,12,1921,83,7921,0,004319,
2026-08-21 13:06:58,12,1000,48,8611,1,8459,1,9319,12,1921,83,7921,0,004325,
2026-08-21 13:06:58,12,1000,48,8611,1,8459,1,9319,12,1921,83,7921,0,004329,
2026-08-21 13:06:58,12,1000,48,8611,1,8459,1,9319,12,1921,83,7921,0,004333,
2026-08-21 13:06:58,12,1000,48,8611,1,8459,1,9319,12,1921,83,7921,0,004337,
2026-08-21 13:06:58,12,1000,48,8611,1,8459,1,9319,12,1921,83,7921,0,004341,
2026-08-21 13:06:58,12,1000,48,8611,1,8459,1,9319,12,1921,83,7921,0,004346,
2026-08-21 13:06:59,12,1000,48,8611,1,8459,1,9319,12,1921,83,7921,0,004365,
2026-08-21 13:06:59,12,1000,48,8611,1,8459,1,9319,12,1921,83,7921,0,004376,
2026-08-21 13:06:59,12,1000,48,8611,1,8459,1,9319,12,1921,83,7921,0,004382,
2026-08-21 13:06:59,12,1000,48,8611,1,8459,1,9319,12,1921,83,7921,0,004387,
2026-08-21 13:06:59,12,1000,48,8611,1,8459,1,9319,12,1921,83,7921,0,004392,
2026-08-21 13:06:59,12,1000,48,8611,1,8459,1,9319,12,1921,83,7921,0,004398,
2026-08-21 13:06:59,12,1000,48,8611,1,8459,1,9319,12,1921,83,7921,0,004402,
2026-08-21 13:06:59,12,1000,48,8611,1,8459,1,9319,12,1921,83,7921,0,004412,
2026-08-21 13:06:59,12,1000,48,8611,1,8459,1,9319,12,1921,83,7921,0,004419,
2026-08-21 13:06:59,12,1000,48,8611,1,8459,1,9319,12,1921,83,7921,0,004425,
2026-08-21 13:06:59,12,1000,48,8611,1,8459,1,9319,12,1921,83,7921,0,004430,
2026-08-21 13:06:59,12,1000,48,8611,1,8459,1,9319,12,1921,83,7921,0,004436,
2026-08-21 13:06:59,12,1000,48,8611,1,8459,1,9319,12,1921,83,7921,0,004443,
2026-08-21 13:07:00,12,1000,48,8611,1,8459,1,9319,12,1921,83,7921,0,004464,
2026-08-21 13:07:00,12,1000,48,8611,1,8459,1,9319,12,1921,83,7921,0,004473,
2026-08-21 13:07:00,12,1000,48,8611,1,8459,1,9319,12,1921,83,7921,0,004478,
2026-08-21 13:07:00,12,1000,48,8611,1,8459,1,9319,12,1921,83,7921,0,004485,
2026-08-21 13:07:00,12,1000,48,8611,1,8459,1,9319,12,1921,83,7921,0,004492,
2026-08-21 13:07:00,12,1000,48,8611,1,8459,1,9319,12,1921,83,7921,0,004499,
2026-08-21 13:07:00,12,1000,48,8611,1,8459,1,9319,12,1921,83,7921,0,004504,
2026-08-21 13:07:00,12,1000,48,8611,1,8459,1,9319,12,1921,83,7921,0,004510,
2026-08-21 13:07:00,12,1000,48,8611,1,8459,1,9319,12,1921,83,7921,0,004517,
2026-08-21 13:07:00,12,1000,48,8611,1,8459,1,9319,12,1921,83,7921,0,004527,
2026-08-21 13:07:00,12,1000,48,8611,1,8459,1,9319,12,1921,83,7921,0,004534,
2026-08-21 13:07:01,12,1000,48,8611,1,8459,1,9319,12,1921,83,7921,0,004546,
2026-08-21 13:07:01,12,1000,48,8611,1,8459,1,9319,12,1921,83,7921,0,004550,
2026-08-21 13:07:01,12,1000,48,8611,1,8459,1,9319,12,1921,83,7921,0,004557,
2026-08-21 13:07:01,12,1000,48,8611,1,8459,1,9319,12,1921,83,7921,0,004563,
2026-08-21 13:07:01,12,1000,48,8611,1,8459,1,9319,12,1921,83,7921,0,004568,
2026-08-21 13:07:01,12,1000,48,8611,1,8459,1,9319,12,1921,83,7921,0,004572,
2026-08-21 13:07:01,12,1000,48,8611,1,8459,1,9319,12,1921,83,7921,0,004577,
2026-08-21 13:07:01,12,1000,48,8611,1,8459,1,9319,12,1921,83,7921,0,004581,
2026-08-21 13:07:01,12,1000,48,8611,1,8459,1,9319,12,1921,83,7921,0,004586,
2026-08-21 13:07:01,12,1000,48,8611,1,8459,1,9319,12,1921,83,7921,0,004590,
2026-08-21 13:07:01,12,1000,48,8611,1,8459,1,9319,12,1921,83,7921,0,004594,
2026-08-21 13:07:01,12,1000,48,8611,1,8459,1,9319,12,1921,83,7921,0,004598,
2026-08-21 13:07:01,12,1000,48,8611,1,8459,1,9319,12,1921,83,7921,0,004603,
2026-08-21 13:07:01,12,1000,48,8611,1,8459,1,9319,12,1921,83,7921,0,004608,
2026-08-21 13:07:01,12,1000,48,8611,1,8459,1,9319,12,1921,83,7921,0,004611,
2026-08-21 13:07:01,12,1000,48,8611,1,8459,1,9319,12,1921,83,7921,0,004615,
2026-08-21 13:07:01,12,1000,48,8611,1,8459,1,9319,12,1921,83,7921,0,004619,
2026-08-21 13:07:01,12,1000,48,8611,1,8459,1,9319,12,1921,83,7921,0,004624,
2026-08-21 13:07:02,12,1000,48,8611,1,8459,1,9319,12,1921,83,7921,0,004627,
2026-08-21 13:07:02,12,1000,48,8611,1,8459,1,9319,12,1921,83,7921,0,004633,
2026-08-21 13:07:02,12,1000,48,8611,1,8459,1,9319,12,1921,83,7921,0,004638,
2026-08-21 13:07:02,12,1000,48,8611,1,8459,1,9319,12,1921,83,7921,0,004642,
2026-08-21 13:07:02,12,1000,48,8611,1,8459,1,9319,12,1921,83,7921,0,004646,
2026-08-21 13:07:02,12,1000,48,8611,1,8459,1,9319,12,1921,83,7921,0,004651,
2026-08-21 13:07:02,12,1000,48,8611,1,8459,1,9319,12,1921,83,7921,0,004656,
2026-08-21 13:07:02,12,1000,48,8611,1,8459,1,9319,12,1921,83,7921,0,004660,
2026-08-21 13:07:02,12,1000,48,8611,1,8459,1,9319,12,1921,83,7921,0,004663,
2026-08-21 13:07:02,12,1000,48,8611,1,8459,1,9319,12,1921,83,7921,0,004667,
2026-08-21 13:07:02,12,1000,48,8611,1,8459,1,9319,12,1921,83,7921,0,004671,
2026-08-21 13:07:02,12,1000,48,8611,1,8459,1,9319,12,1921,83,7921,0,004676,
2026-08-21 13:07:02,12,1000,48,8611,1,8459,1,9319,12,1921,83,7921,0,004680,
2026-08-21 13:07:02,12,1000,48,8611,1,8459,1,9319,12,1921,83,7921,0,004687,
2026-08-21 13:07:02,12,1000,48,8611,1,8459,1,9319,12,1921,83,7921,0,004691,
2026-08-21 13:07:02,12,1000,48,8611,1,8459,1,9319,12,1921,83,7921,0,004699,
2026-08-21 13:07:02,12,1000,48,8611,1,8459,1,9319,12,1921,83,7921,0,004705,
2026-08-21 13:07:02,12,1000,48,8611,1,8459,1,9319,12,1921,83,7921,0,004711,
2026-08-21 13:07:03,12,1000,48,8611,1,8459,1,9319,12,1921,83,7921,0,004720,
2026-08-21 13:07:03,12,1000,48,8611,1,8459,1,9319,12,1921,83,7921,0,004729,
2026-08-21 13:07:03,12,1000,48,8611,1,8459,1,9319,12,1921,83,7921,0,004736,
2026-08-21 13:07:03,12,1000,48,8611,1,8459,1,9319,12,1921,83,7921,0,004745,
2026-08-21 13:07:03,12,1000,48,8611,1,8459,1,9319,12,1921,83,7921,0,004756,
2026-08-21 13:07:03,12,1000,48,8611,1,8459,1,9319,12,1921,83,7921,0,004768,
2026-08-21 13:07:03,12,1000,48,8611,1,8459,1,9319,12,1921,83,7921,0,004780,
2026-08-21 13:07:03,12,1000,48,8065,1,8438,1,9340,12,1921,83,7921,0,005967,
2026-08-21 13:07:03,39,3960,48,8065,1,8438,1,9340,12,1921,83,7921,0,005974,
2026-08-21 13:07:03,39,3960,48,8065,1,8438,1,9340,12,1921,83,7921,0,005981,
2026-08-21 13:07:04,39,3960,48,8065,1,8438,1,9340,12,1921,83,7921,0,005987,
2026-08-21 13:07:04,39,3960,48,8065,1,8438,1,9340,12,1921,83,7921,0,005994,
2026-08-21 13:07:04,39,3960,48,8065,1,8438,1,9340,12,1921,83,7921,0,006004,
2026-08-21 13:07:04,39,3960,48,8065,1,8438,1,9340,12,1921,83,7921,0,006013,
2026-08-21 13:07:04,39,3960,48,8065,1,8438,1,9340,12,1921,83,7921,0,006019,
2026-08-21 13:07:04,39,3960,48,8065,1,8438,1,9340,12,1921,83,7921,0,006028,
2026-08-21 13:07:04,39,3960,48,8065,1,8438,1,9340,12,1921,83,7921,0,006036,
2026-08-21 13:07:04,39,3960,48,8065,1,8438,1,9340,12,1921,83,7921,0,006046,
2026-08-21 13:07:04,39,3960,48,8065,1,8438,1,9340,12,1921,83,7921,0,006054,
2026-08-21 13:07:04,39,3960,48,8065,1,8438,1,9340,12,1921,83,7921,0,006070,
2026-08-21 13:07:04,39,3960,48,8065,1,8438,1,9340,12,1921,83,7921,0,006080,
2026-08-21 13:07:04,39,3960,48,8065,1,8438,1,9340,12,1921,83,7921,0,006086,
2026-08-21 13:07:04,39,3960,48,8065,1,8438,1,9340,12,1921,83,7921,0,006092,
2026-08-21 13:07:05,39,3960,48,8065,1,8438,1,9340,12,1921,83,7921,0,006098,
2026-08-21 13:07:05,39,3960,48,8065,1,8438,1,9340,12,1921,83,7921,0,006105,
2026-08-21 13:07:05,39,3960,48,8065,1,8438,1,9340,12,1921,83,7921,0,006112,
2026-08-21 13:07:05,39,3960,48,8065,1,8438,1,9340,12,1921,83,7921,0,006120,
2026-08-21 13:07:05,39,3960,48,8065,1,8438,1,9340,12,1921,83,7921,0,006126,
2026-08-21 13:07:05,39,3960,48,8065,1,8438,1,9340,12,1921,83,7921,0,006133,
2026-08-21 13:07:05,39,3960,48,8065,1,8438,1,9340,12,1921,83,7921,0,006139,
2026-08-21 13:07:05,39,3960,48,8065,1,8438,1,9340,12,1921,83,7921,0,006147,
2026-08-21 13:07:05,39,3960,48,8065,1,8438,1,9340,12,1921,83,7921,0,006153,
2026-08-21 13:07:05,39,3960,48,8065,1,8438,1,9340,12,1921,83,7921,0,006163,
2026-08-21 13:07:05,39,3960,48,8065,1,8438,1,9340,12,1921,83,7921,0,006178,
2026-08-21 13:07:05,39,3960,48,8065,1,8438,1,9340,12,1921,83,7921,0,006196,
2026-08-21 13:07:05,39,3960,48,8065,1,8438,1,9340,12,1921,83,7921,0,006203,
2026-08-21 13:07:06,39,3960,48,8065,1,8438,1,9340,12,1921,83,7921,0,006212,
2026-08-21 13:07:06,39,3960,48,8065,1,8438,1,9340,12,1921,83,7921,0,006223,
2026-08-21 13:07:06,39,3960,48,8065,1,8438,1,9340,12,1921,83,7921,0,006234,
2026-08-21 13:07:06,39,3960,48,8065,1,8438,1,9340,12,1921,83,7921,0,006245,
2026-08-21 13:07:06,39,3960,48,8065,1,8438,1,9340,12,1921,83,7921,0,006281,
2026-08-21 13:07:06,39,3960,48,8065,1,8438,1,9340,12,1921,83,7921,0,006315,
2026-08-21 13:07:07,39,3960,48,8065,1,8438,1,9340,12,1921,83,7921,0,006333,
2026-08-21 13:07:07,39,3960,48,8065,1,8438,1,9340,12,1921,83,7921,0,006349,
2026-08-21 13:07:07,39,3960,48,8065,1,8438,1,9340,12,1921,83,7921,0,006357,
2026-08-21 13:07:07,39,3960,48,8065,1,8438,1,9340,12,1921,83,7921,0,006368,
2026-08-21 13:07:07,39,3960,48,8065,1,8438,1,9340,12,1921,83,7921,0,006376,
2026-08-21 13:07:07,39,3960,48,8065,1,8438,1,9340,12,1921,83,7921,0,006384,
2026-08-21 13:07:07,39,3960,48,8065,1,8438,1,9340,12,1921,83,7921,0,006394,
2026-08-21 13:07:07,39,3960,48,8065,1,8438,1,9340,12,1921,83,7921,0,006402,
2026-08-21 13:07:07,39,3960,48,8065,1,8438,1,9340,12,1921,83,7921,0,006408,
2026-08-21 13:07:07,39,3960,48,8065,1,8438,1,9340,12,1921,83,7921,0,006413,
2026-08-21 13:07:07,39,3960,48,8065,1,8438,1,9340,12,1921,83,7921,0,006419,
2026-08-21 13:07:07,39,3960,48,8065,1,8438,1,9340,12,1921,83,7921,0,006426,
2026-08-21 13:07:08,39,3960,48,8065,1,8438,1,9340,12,1921,83,7921,0,006433,
2026-08-21 13:07:08,39,3960,48,8065,1,8438,1,9340,12,1921,83,7921,0,006440,
2026-08-21 13:07:08,39,3960,48,8065,1,8438,1,9340,12,1921,83,7921,0,006446,
2026-08-21 13:07:08,39,3960,48,8065,1,8438,1,9340,12,1921,83,7921,0,006452,
2026-08-21 13:07:08,39,3960,48,8065,1,8438,1,9340,12,1921,83,7921,0,006458,
2026-08-21 13:07:08,39,3960,48,8065,1,8438,1,9340,12,1921,83,7921,0,006463,
2026-08-21 13:07:08,39,3960,48,8065,1,8438,1,9340,12,1921,83,7921,0,006468,
2026-08-21 13:07:08,39,3960,48,8065,1,8438,1,9340,12,1921,83,7921,0,006473,
2026-08-21 13:07:08,39,3960,48,8065,1,8438,1,9340,12,1921,83,7921,0,006479,
2026-08-21 13:07:08,39,3960,48,8065,1,8438,1,9340,12,1921,83,7921,0,006485,
2026-08-21 13:07:08,39,3960,48,8065,1,8438,1,9340,12,1921,83,7921,0,006491,
2026-08-21 13:07:08,39,3960,48,8065,1,8438,1,9340,12,1921,83,7921,0,006496,
2026-08-21 13:07:08,39,3960,48,8065,1,8438,1,9340,12,1921,83,7921,0,006501,
2026-08-21 13:07:08,39,3960,48,8065,1,8438,1,9340,12,1921,83,7921,0,006506,
2026-08-21 13:07:08,39,3960,48,8065,1,8438,1,9340,12,1921,83,7921,0,006511,
2026-08-21 13:07:08,39,3960,48,8065,1,8438,1,9340,12,1921,83,7921,0,006516,
2026-08-21 13:07:08,39,3960,48,8065,1,8438,1,9340,12,1921,83,7921,0,006522,
2026-08-21 13:07:08,39,3960,48,8065,1,8438,1,9340,12,1921,83,7921,0,006527,
2026-08-21 13:07:08,39,3960,48,8065,1,8438,1,9340,12,1921,83,7921,0,006532,
2026-08-21 13:07:08,39,3960,48,8065,1,8438,1,9340,12,1921,83,7921,0,006538,
2026-08-21 13:07:09,39,3960,48,8065,1,8438,1,9340,12,1921,83,7921,0,006545,
2026-08-21 13:07:09,39,3960,48,8065,1,8438,1,9340,12,1921,83,7921,0,006552,
2026-08-21 13:07:09,39,3960,48,8065,1,8438,1,9340,12,1921,83,7921,0,006556,
2026-08-21 13:07:09,39,3960,48,8065,1,8438,1,9340,12,1921,83,7921,0,006562,
2026-08-21 13:07:09,39,3960,48,8065,1,8438,1,9340,12,1921,83,7921,0,006567,
2026-08-21 13:07:09,39,3960,48,8065,1,8438,1,9340,12,1921,83,7921,0,006573,
2026-08-21 13:07:09,39,3960,48,8065,1,8438,1,9340,12,1921,83,7921,0,006580,
2026-08-21 13:07:09,39,3960,48,8065,1,8438,1,9340,12,1921,83,7921,0,006585,
2026-08-21 13:07:09,39,3960,48,8065,1,8438,1,9340,12,1921,83,7921,0,006590,
2026-08-21 13:07:09,39,3960,48,8065,1,8438,1,9340,12,1921,83,7921,0,006595,
2026-08-21 13:07:09,39,3960,48,8065,1,8438,1,9340,12,1921,83,7921,0,006602,
2026-08-21 13:07:09,39,3960,48,8065,1,8438,1,9340,12,1921,83,7921,0,006607,
2026-08-21 13:07:09,39,3960,48,8065,1,8438,1,9340,12,1921,83,7921,0,006612,
2026-08-21 13:07:09,39,3960,48,8065,1,8438,1,9340,12,1921,83,7921,0,006617,
2026-08-21 13:07:09,39,3960,48,8065,1,8438,1,9340,12,1921,83,7921,0,006622,
2026-08-21 13:07:09,39,3960,48,8065,1,8438,1,9340,12,1921,83,7921,0,006628,
2026-08-21 13:07:09,39,3960,48,8065,1,8438,1,9340,12,1921,83,7921,0,006633,
2026-08-21 13:07:09,39,3960,48,8065,1,8438,1,9340,12,1921,83,7921,0,006638,
2026-08-21 13:07:09,39,3960,48,8065,1,8438,1,9340,12,1921,83,7921,0,006644,
2026-08-21 13:07:09,39,3960,48,8065,1,8438,1,9340,12,1921,83,7921,0,006650,
2026-08-21 13:07:09,39,3960,48,8065,1,8438,1,9340,12,1921,83,7921,0,006655,
2026-08-21 13:07:10,39,3960,48,8065,1,8438,1,9340,12,1921,83,7921,0,006661,
2026-08-21 13:07:10,39,3960,48,8065,1,8438,1,9340,12,1921,83,7921,0,006666,
2026-08-21 13:07:10,39,3960,48,8065,1,8438,1,9340,12,1921,83,7921,0,006671,
2026-08-21 13:07:10,39,3960,48,8065,1,8438,1,9340,12,1921,83,7921,0,006676,
2026-08-21 13:07:10,39,3960,48,8065,1,8438,1,9340,12,1921,83,7921,0,006682,
2026-08-21 13:07:10,39,3960,48,8065,1,8438,1,9340,12,1921,83,7921,0,006687,
2026-08-21 13:07:10,39,3960,48,8065,1,8438,1,9340,12,1921,83,7921,0,006694,
2026-08-21 13:07:10,39,3960,48,8065,1,8438,1,9340,12,1921,83,7921,0,006700,
2026-08-21 13:07:10,39,3960,48,8065,1,8438,1,9340,12,1921,83,7921,0,006708,
2026-08-21 13:07:10,39,3960,48,8065,1,8438,1,9340,12,1921,83,7921,0,006717,
2026-08-21 13:07:10,39,3960,48,8065,1,8438,1,9340,12,1921,83,7921,0,006725,
2026-08-21 13:07:10,39,3960,48,8065,1,8438,1,9340,12,1921,83,7921,0,006732,
2026-08-21 13:07:10,39,3960,48,8065,1,8438,1,9340,12,1921,83,7921,0,006737,
2026-08-21 13:07:10,39,3960,48,8065,1,8438,1,9340,12,1921,83,7921,0,006742,
2026-08-21 13:07:10,39,3960,48,8065,1,8438,1,9340,12,1921,83,7921,0,006747,
2026-08-21 13:07:10,39,3960,48,8065,1,8438,1,9340,12,1921,83,7921,0,006753,
2026-08-21 13:07:10,39,3960,48,8065,1,8438,1,9340,12,1921,83,7921,0,006758,
2026-08-21 13:07:10,39,3960,48,8065,1,8438,1,9340,12,1921,83,7921,0,006763,
2026-08-21 13:07:10,39,3960,48,8065,1,8438,1,9340,12,1921,83,7921,0,006769,
2026-08-21 13:07:11,39,3960,48,8065,1,8438,1,9340,12,1921,83,7921,0,006774,
2026-08-21 13:07:11,39,3960,48,8065,1,8438,1,9340,12,1921,83,7921,0,006779,
2026-08-21 13:07:11,39,3960,48,8065,1,8438,1,9340,12,1921,83,7921,0,006786,
2026-08-21 13:07:11,39,3960,48,8065,1,8438,1,9340,12,1921,83,7921,0,006792,
2026-08-21 13:07:11,39,3960,48,8065,1,8438,1,9340,12,1921,83,7921,0,006796,
2026-08-21 13:07:11,39,3960,48,8065,1,8438,1,9340,12,1921,83,7921,0,006802,
2026-08-21 13:07:11,39,3960,48,8065,1,8438,1,9340,12,1921,83,7921,0,006807,
2026-08-21 13:07:11,39,3960,48,8065,1,8438,1,9340,12,1921,83,7921,0,006812,
2026-08-21 13:07:11,39,3960,48,8065,1,8438,1,9340,12,1921,83,7921,0,006817,
2026-08-21 13:07:11,39,3960,48,8065,1,8438,1,9340,12,1921,83,7921,0,006822,
2026-08-21 13:07:11,39,3960,48,8065,1,8438,1,9340,12,1921,83,7921,0,006827,
2026-08-21 13:07:11,39,3960,48,8065,1,8438,1,9340,12,1921,83,7921,0,006833,
2026-08-21 13:07:11,39,3960,48,8065,1,8438,1,9340,12,1921,83,7921,0,006838,
2026-08-21 13:07:11,39,3960,48,8065,1,8438,1,9340,12,1921,83,7921,0,006843,
2026-08-21 13:07:11,39,3960,48,8065,1,8438,1,9340,12,1921,83,7921,0,006848,
2026-08-21 13:07:11,39,3960,48,8065,1,8438,1,9340,12,1921,83,7921,0,006854,
2026-08-21 13:07:11,39,3960,48,8065,1,8438,1,9340,12,1921,83,7921,0,006860,
2026-08-21 13:07:11,39,3960,48,8065,1,8438,1,9340,12,1921,83,7921,0,006864,
2026-08-21 13:07:11,39,3960,48,8065,1,8438,1,9340,12,1921,83,7921,0,006869,
2026-08-21 13:07:11,39,3960,48,8065,1,8438,1,9340,12,1921,83,7921,0,006875,
2026-08-21 13:07:11,39,3960,48,8065,1,8438,1,9340,12,1921,83,7921,0,006880,
2026-08-21 13:07:12,39,3960,48,8065,1,8438,1,9340,12,1921,83,7921,0,006885,
2026-08-21 13:07:12,39,3960,48,8065,1,8438,1,9340,12,1921,83,7921,0,006890,
2026-08-21 13:07:12,39,3960,48,8065,1,8438,1,9340,12,1921,83,7921,0,006895,
2026-08-21 13:07:12,39,3960,48,8065,1,8438,1,9340,12,1921,83,7921,0,006900,
2026-08-21 13:07:12,39,3960,48,8065,1,8438,1,9340,12,1921,83,7921,0,006905,
2026-08-21 13:07:12,39,3960,48,8065,1,8438,1,9340,12,1921,83,7921,0,006910,
2026-08-21 13:07:12,39,3960,48,8065,1,8438,1,9340,12,1921,83,7921,0,006916,
2026-08-21 13:07:12,39,3960,48,8065,1,8438,1,9340,12,1921,83,7921,0,006921,
2026-08-21 13:07:12,39,3960,48,8065,1,8438,1,9340,12,1921,83,7921,0,006926,
2026-08-21 13:07:12,39,3960,48,8065,1,8438,1,9340,12,1921,83,7921,0,006932,
2026-08-21 13:07:12,39,3960,48,8065,1,8438,1,9340,12,1921,83,7921,0,006937,
2026-08-21 13:07:12,39,3960,48,8065,1,8438,1,9340,12,1921,83,7921,0,006944,
2026-08-21 13:07:12,39,3960,48,8065,1,8438,1,9340,12,1921,83,7921,0,006950,
2026-08-21 13:07:12,39,3960,48,8065,1,8438,1,9340,12,1921,83,7921,0,006955,
2026-08-21 13:07:12,39,3960,48,8065,1,8438,1,9340,12,1921,83,7921,0,006960,
2026-08-21 13:07:12,39,3960,48,8065,1,8438,1,9340,12,1921,83,7921,0,006965,
2026-08-21 13:07:12,39,3960,48,8065,1,8438,1,9340,12,1921,83,7921,0,006970,
2026-08-21 13:07:12,39,3960,48,8065,1,8438,1,9340,12,1921,83,7921,0,006976,
2026-08-21 13:07:12,39,3960,48,8065,1,8438,1,9340,12,1921,83,7921,0,006981,
2026-08-21 13:07:12,39,3960,48,8065,1,8438,1,9340,12,1921,83,7921,0,006987,
2026-08-21 13:07:12,39,3960,48,8065,1,8438,1,9340,12,1921,83,7921,0,006991,
2026-08-21 13:07:13,39,3960,48,8065,1,8438,1,9340,12,1921,83,7921,0,006997,
2026-08-21 13:07:13,39,3960,48,8065,1,8438,1,9340,12,1921,83,7921,0,007002,
2026-08-21 13:07:13,39,3960,48,8065,1,8438,1,9340,12,1921,83,7921,0,007009,
2026-08-21 13:07:13,39,3960,48,8065,1,8438,1,9340,12,1921,83,7921,0,007021,
2026-08-21 13:07:13,39,3960,48,8065,1,8438,1,9340,12,1921,83,7921,0,007104,
2026-08-21 13:07:14,39,3960,48,8065,1,8438,1,9340,12,1921,83,7921,0,007112,
2026-08-21 13:07:14,39,3960,48,8065,1,8438,1,9340,12,1921,83,7921,0,000000,
